Transaction_ID,Date,Channel,Customer_Segment,Product_Model,Unit_Price_THB,Units_Sold,Hardware_Revenue_THB,Filter_Refill_Units,Filter_Refill_Revenue_THB,Service_Type,Service_Revenue_THB,Total_Revenue_THB,Avg_Outdoor_Temp_C,Avg_PM25_AQI,Energy_Saved_kWh,PM25_Filter_Efficiency_Pct,App_Active_Users
CP-1001,2025-01-01,Shopee,ผู้เช่าหอพัก/คอนโด (นักศึกษา/คนทำงาน),CoolPure Smart 9000 BTU,8500,4,34000,3,1470,ไม่มีบริการ,0,35470,31.9,57.2,146.9,91.1,5133
CP-1002,2025-01-01,Shopee,เจ้าของบ้าน/คอนโด (First Jobber),CoolPure Smart 9000 BTU,8500,4,34000,2,980,บริการล้างแอร์รายปี,500,35480,27.4,79.9,94.2,93.5,1805
CP-1003,2025-01-02,Lazada,ผู้เช่าหอพัก/คอนโด (นักศึกษา/คนทำงาน),CoolPure Smart 9000 BTU,8500,2,17000,7,3430,บริการย้ายจุดติดตั้ง,1200,21630,31.3,46.7,44.6,98.0,1782
CP-1004,2025-01-03,TikTok Shop,เจ้าของบ้าน/คอนโด (First Jobber),CoolPure Smart 12000 BTU,10500,1,10500,5,2450,ไม่มีบริการ,0,12950,32.2,58.5,26.3,97.2,3802
CP-1005,2025-01-03,Shopee,เจ้าของบ้าน/คอนโด (First Jobber),CoolPure Smart 9000 BTU,8500,1,8500,1,490,ไม่มีบริการ,0,8990,28.4,37.3,29.5,98.4,3149
CP-1006,2025-01-03,Lazada,ผู้เช่าหอพัก/คอนโด (นักศึกษา/คนทำงาน),CoolPure Smart 12000 BTU,10500,3,31500,6,2940,ไม่มีบริการ,0,34440,32.7,63.7,72.2,99.0,1571
CP-1007,2025-01-04,TikTok Shop,เจ้าของบ้าน/คอนโด (First Jobber),CoolPure Smart 12000 BTU,10500,4,42000,3,1470,บริการล้างแอร์รายปี,500,43970,29.5,23.0,153.4,95.6,3446
CP-1008,2025-01-04,TikTok Shop,ผู้เช่าหอพัก/คอนโด (นักศึกษา/คนทำงาน),CoolPure Smart 12000 BTU,10500,1,10500,1,490,บริการล้างแอร์รายปี,500,11490,30.3,49.5,31.4,95.6,2446
CP-1009,2025-01-04,Lazada,ผู้เช่าหอพัก/คอนโด (นักศึกษา/คนทำงาน),CoolPure Smart 9000 BTU,8500,2,17000,2,980,บริการล้างแอร์รายปี,500,18480,26.9,65.5,53.5,96.4,3758
CP-1010,2025-01-05,TikTok Shop,ผู้เช่าหอพัก/คอนโด (นักศึกษา/คนทำงาน),CoolPure Smart 12000 BTU,10500,5,52500,6,2940,ไม่มีบริการ,0,55440,26.9,72.7,144.0,98.4,2512
CP-1011,2025-01-09,TikTok Shop,ผู้เช่าหอพัก/คอนโด (นักศึกษา/คนทำงาน),CoolPure Smart 9000 BTU,8500,3,25500,5,2450,ไม่มีบริการ,0,27950,27.5,56.7,75.4,98.8,2870
CP-1012,2025-01-09,Lazada,ผู้เช่าหอพัก/คอนโด (นักศึกษา/คนทำงาน),CoolPure Smart 9000 BTU,8500,1,8500,1,490,ไม่มีบริการ,0,8990,29.3,62.5,21.8,94.7,4647
CP-1013,2025-01-09,TikTok Shop,ผู้เช่าหอพัก/คอนโด (นักศึกษา/คนทำงาน),CoolPure Smart 9000 BTU,8500,2,17000,3,1470,บริการล้างแอร์รายปี,500,18970,28.1,53.1,64.6,98.1,4121
CP-1014,2025-01-10,TikTok Shop,เจ้าของบ้าน/คอนโด (First Jobber),CoolPure Smart 9000 BTU,8500,1,8500,2,980,บริการย้ายจุดติดตั้ง,1200,10680,29.1,64.1,24.5,94.5,3730
CP-1015,2025-01-10,TikTok Shop,ผู้เช่าหอพัก/คอนโด (นักศึกษา/คนทำงาน),CoolPure Smart 9000 BTU,8500,1,8500,6,2940,ไม่มีบริการ,0,11440,29.8,60.8,32.4,94.5,2273
CP-1016,2025-01-11,TikTok Shop,ผู้เช่าหอพัก/คอนโด (นักศึกษา/คนทำงาน),CoolPure Smart 9000 BTU,8500,2,17000,2,980,ไม่มีบริการ,0,17980,29.5,44.8,68.9,91.7,4048
CP-1017,2025-01-11,TikTok Shop,เจ้าของบ้าน/คอนโด (First Jobber),CoolPure Smart 12000 BTU,10500,2,21000,2,980,ไม่มีบริการ,0,21980,30.8,56.0,65.9,93.7,1786
CP-1018,2025-01-11,TikTok Shop,เจ้าของบ้าน/คอนโด (First Jobber),CoolPure Smart 9000 BTU,8500,1,8500,2,980,บริการล้างแอร์รายปี,500,9980,31.9,37.7,28.6,97.7,3260
CP-1019,2025-01-12,Direct Partnership (Condo),ผู้เช่าหอพัก/คอนโด (นักศึกษา/คนทำงาน),CoolPure Smart 9000 BTU,8500,1,8500,5,2450,ไม่มีบริการ,0,10950,31.2,43.0,22.6,92.0,2532
CP-1020,2025-01-12,Lazada,เจ้าของบ้าน/คอนโด (First Jobber),CoolPure Smart 9000 BTU,8500,1,8500,7,3430,ไม่มีบริการ,0,11930,26.0,42.6,30.1,94.8,2059
CP-1021,2025-01-12,Lazada,เจ้าของบ้าน/คอนโด (First Jobber),CoolPure Smart 12000 BTU,10500,2,21000,2,980,ไม่มีบริการ,0,21980,30.1,49.0,67.2,97.8,2183
CP-1022,2025-01-13,Shopee,ผู้เช่าหอพัก/คอนโด (นักศึกษา/คนทำงาน),CoolPure Smart 9000 BTU,8500,1,8500,3,1470,ไม่มีบริการ,0,9970,31.3,48.1,29.1,93.0,3761
CP-1023,2025-01-13,Shopee,เจ้าของบ้าน/คอนโด (First Jobber),CoolPure Smart 12000 BTU,10500,1,10500,2,980,บริการล้างแอร์รายปี,500,11980,34.2,55.2,25.6,98.3,5014
CP-1024,2025-01-13,Lazada,ผู้เช่าหอพัก/คอนโด (นักศึกษา/คนทำงาน),CoolPure Smart 9000 BTU,8500,3,25500,2,980,ไม่มีบริการ,0,26480,27.8,67.9,66.2,96.7,2486
CP-1025,2025-01-14,Shopee,เจ้าของบ้าน/คอนโด (First Jobber),CoolPure Smart 9000 BTU,8500,1,8500,3,1470,ไม่มีบริการ,0,9970,28.7,57.7,25.0,95.5,4687
CP-1026,2025-01-14,Lazada,ผู้เช่าหอพัก/คอนโด (นักศึกษา/คนทำงาน),CoolPure Smart 12000 BTU,10500,3,31500,2,980,บริการย้ายจุดติดตั้ง,1200,33680,30.2,69.3,98.1,98.9,1849
CP-1027,2025-01-14,TikTok Shop,เจ้าของบ้าน/คอนโด (First Jobber),CoolPure Smart 12000 BTU,10500,5,52500,3,1470,ไม่มีบริการ,0,53970,28.9,44.1,172.8,95.6,3153
CP-1028,2025-01-14,Shopee,เจ้าของบ้าน/คอนโด (First Jobber),CoolPure Smart 9000 BTU,8500,1,8500,1,490,บริการล้างแอร์รายปี,500,9490,30.6,54.1,34.5,91.3,3149
CP-1029,2025-01-14,Lazada,ผู้เช่าหอพัก/คอนโด (นักศึกษา/คนทำงาน),CoolPure Smart 12000 BTU,10500,3,31500,2,980,บริการล้างแอร์รายปี,500,32980,28.5,62.2,79.3,98.8,2034
CP-1030,2025-01-16,TikTok Shop,ผู้เช่าหอพัก/คอนโด (นักศึกษา/คนทำงาน),CoolPure Smart 9000 BTU,8500,3,25500,3,1470,บริการย้ายจุดติดตั้ง,1200,28170,28.0,66.6,61.6,99.3,2425
CP-1031,2025-01-16,TikTok Shop,เจ้าของบ้าน/คอนโด (First Jobber),CoolPure Smart 9000 BTU,8500,3,25500,2,980,ไม่มีบริการ,0,26480,27.3,50.0,90.1,99.4,3542
CP-1032,2025-01-16,TikTok Shop,เจ้าของบ้าน/คอนโด (First Jobber),CoolPure Smart 12000 BTU,10500,4,42000,2,980,ไม่มีบริการ,0,42980,27.2,53.2,93.2,93.7,2593
CP-1033,2025-01-16,Lazada,ผู้เช่าหอพัก/คอนโด (นักศึกษา/คนทำงาน),CoolPure Smart 12000 BTU,10500,3,31500,7,3430,ไม่มีบริการ,0,34930,28.9,42.6,94.4,97.5,2759
CP-1034,2025-01-17,TikTok Shop,ผู้เช่าหอพัก/คอนโด (นักศึกษา/คนทำงาน),CoolPure Smart 12000 BTU,10500,4,42000,4,1960,ไม่มีบริการ,0,43960,29.4,46.2,147.6,97.6,5288
CP-1035,2025-01-17,Lazada,เจ้าของบ้าน/คอนโด (First Jobber),CoolPure Smart 9000 BTU,8500,2,17000,4,1960,ไม่มีบริการ,0,18960,29.2,62.3,63.4,95.2,2074
CP-1036,2025-01-17,Lazada,ผู้เช่าหอพัก/คอนโด (นักศึกษา/คนทำงาน),CoolPure Smart 9000 BTU,8500,3,25500,5,2450,ไม่มีบริการ,0,27950,30.1,49.7,89.5,91.1,4465
CP-1037,2025-01-18,Direct Partnership (Condo),เจ้าของบ้าน/คอนโด (First Jobber),CoolPure Smart 9000 BTU,8500,3,25500,1,490,บริการย้ายจุดติดตั้ง,1200,27190,27.7,87.7,113.1,94.6,3454
CP-1038,2025-01-19,Shopee,ผู้เช่าหอพัก/คอนโด (นักศึกษา/คนทำงาน),CoolPure Smart 12000 BTU,10500,2,21000,4,1960,ไม่มีบริการ,0,22960,29.5,55.2,65.8,97.8,2387
CP-1039,2025-01-19,Shopee,ผู้เช่าหอพัก/คอนโด (นักศึกษา/คนทำงาน),CoolPure Smart 9000 BTU,8500,2,17000,4,1960,ไม่มีบริการ,0,18960,31.7,70.9,62.4,92.5,5407
CP-1040,2025-01-20,TikTok Shop,ผู้เช่าหอพัก/คอนโด (นักศึกษา/คนทำงาน),CoolPure Smart 9000 BTU,8500,1,8500,2,980,บริการล้างแอร์รายปี,500,9980,27.9,56.5,25.8,93.2,5207
CP-1041,2025-01-21,TikTok Shop,ผู้เช่าหอพัก/คอนโด (นักศึกษา/คนทำงาน),CoolPure Smart 9000 BTU,8500,3,25500,2,980,บริการล้างแอร์รายปี,500,26980,31.7,56.8,92.9,97.3,4021
CP-1042,2025-01-22,Shopee,ผู้เช่าหอพัก/คอนโด (นักศึกษา/คนทำงาน),CoolPure Smart 9000 BTU,8500,3,25500,3,1470,บริการล้างแอร์รายปี,500,27470,29.7,37.1,73.3,98.4,3502
CP-1043,2025-01-23,Shopee,เจ้าของบ้าน/คอนโด (First Jobber),CoolPure Smart 9000 BTU,8500,1,8500,4,1960,บริการล้างแอร์รายปี,500,10960,30.2,66.3,35.9,99.2,2789
CP-1044,2025-01-25,Shopee,ผู้เช่าหอพัก/คอนโด (นักศึกษา/คนทำงาน),CoolPure Smart 12000 BTU,10500,4,42000,5,2450,บริการล้างแอร์รายปี,500,44950,30.6,66.1,107.8,93.9,4238
CP-1045,2025-01-27,Lazada,เจ้าของบ้าน/คอนโด (First Jobber),CoolPure Smart 9000 BTU,8500,3,25500,2,980,ไม่มีบริการ,0,26480,29.8,55.4,66.6,96.5,4891
CP-1046,2025-01-27,TikTok Shop,ผู้เช่าหอพัก/คอนโด (นักศึกษา/คนทำงาน),CoolPure Smart 9000 BTU,8500,2,17000,5,2450,ไม่มีบริการ,0,19450,31.8,48.8,56.1,98.3,4291
CP-1047,2025-01-27,Shopee,เจ้าของบ้าน/คอนโด (First Jobber),CoolPure Smart 9000 BTU,8500,1,8500,3,1470,บริการย้ายจุดติดตั้ง,1200,11170,33.3,60.7,29.9,97.9,4678
CP-1048,2025-01-28,Lazada,ผู้เช่าหอพัก/คอนโด (นักศึกษา/คนทำงาน),CoolPure Smart 9000 BTU,8500,1,8500,5,2450,บริการล้างแอร์รายปี,500,11450,29.3,47.7,34.7,95.2,2108
CP-1049,2025-01-28,TikTok Shop,ผู้เช่าหอพัก/คอนโด (นักศึกษา/คนทำงาน),CoolPure Smart 9000 BTU,8500,3,25500,5,2450,ไม่มีบริการ,0,27950,30.0,69.0,112.9,98.3,3747
CP-1050,2025-01-28,Shopee,ผู้เช่าหอพัก/คอนโด (นักศึกษา/คนทำงาน),CoolPure Smart 12000 BTU,10500,1,10500,7,3430,ไม่มีบริการ,0,13930,27.5,78.1,38.1,96.1,1698
CP-1051,2025-01-28,Shopee,ผู้เช่าหอพัก/คอนโด (นักศึกษา/คนทำงาน),CoolPure Smart 9000 BTU,8500,1,8500,3,1470,บริการล้างแอร์รายปี,500,10470,29.8,51.3,21.7,97.4,2046
CP-1052,2025-01-28,Lazada,เจ้าของบ้าน/คอนโด (First Jobber),CoolPure Smart 9000 BTU,8500,1,8500,3,1470,บริการล้างแอร์รายปี,500,10470,26.1,67.8,37.1,95.2,4619
CP-1053,2025-01-29,Lazada,ผู้เช่าหอพัก/คอนโด (นักศึกษา/คนทำงาน),CoolPure Smart 12000 BTU,10500,2,21000,3,1470,ไม่มีบริการ,0,22470,31.2,65.0,47.9,95.7,4560
CP-1054,2025-01-29,Shopee,เจ้าของบ้าน/คอนโด (First Jobber),CoolPure Smart 9000 BTU,8500,3,25500,2,980,บริการย้ายจุดติดตั้ง,1200,27680,27.7,54.7,87.7,91.3,3716
CP-1055,2025-01-29,Shopee,ผู้เช่าหอพัก/คอนโด (นักศึกษา/คนทำงาน),CoolPure Smart 9000 BTU,8500,3,25500,3,1470,บริการย้ายจุดติดตั้ง,1200,28170,29.3,44.6,75.9,94.5,5084
CP-1056,2025-01-29,TikTok Shop,ผู้เช่าหอพัก/คอนโด (นักศึกษา/คนทำงาน),CoolPure Smart 9000 BTU,8500,2,17000,1,490,บริการล้างแอร์รายปี,500,17990,26.8,53.9,67.0,92.2,1646
CP-1057,2025-01-30,Shopee,ผู้เช่าหอพัก/คอนโด (นักศึกษา/คนทำงาน),CoolPure Smart 9000 BTU,8500,1,8500,2,980,ไม่มีบริการ,0,9480,29.5,68.5,27.7,99.0,1697
CP-1058,2025-02-01,Lazada,ผู้เช่าหอพัก/คอนโด (นักศึกษา/คนทำงาน),CoolPure Smart 12000 BTU,10500,2,21000,3,1470,ไม่มีบริการ,0,22470,28.6,65.7,87.1,99.3,2441
CP-1059,2025-02-02,Shopee,เจ้าของบ้าน/คอนโด (First Jobber),CoolPure Smart 12000 BTU,10500,1,10500,5,2450,ไม่มีบริการ,0,12950,29.7,54.0,38.4,91.8,4558
CP-1060,2025-02-03,Lazada,ผู้เช่าหอพัก/คอนโด (นักศึกษา/คนทำงาน),CoolPure Smart 9000 BTU,8500,1,8500,0,0,บริการล้างแอร์รายปี,500,9000,28.5,51.3,40.7,98.7,1775
CP-1061,2025-02-03,Direct Partnership (Condo),ผู้เช่าหอพัก/คอนโด (นักศึกษา/คนทำงาน),CoolPure Smart 9000 BTU,8500,2,17000,3,1470,ไม่มีบริการ,0,18470,29.9,43.9,56.1,99.5,1815
CP-1062,2025-02-05,Shopee,ผู้เช่าหอพัก/คอนโด (นักศึกษา/คนทำงาน),CoolPure Smart 9000 BTU,8500,2,17000,9,4410,ไม่มีบริการ,0,21410,27.8,49.5,79.4,96.7,5085
CP-1063,2025-02-06,Shopee,ผู้เช่าหอพัก/คอนโด (นักศึกษา/คนทำงาน),CoolPure Smart 12000 BTU,10500,3,31500,8,3920,บริการล้างแอร์รายปี,500,35920,28.3,60.7,91.0,94.5,1805
CP-1064,2025-02-06,Shopee,ผู้เช่าหอพัก/คอนโด (นักศึกษา/คนทำงาน),CoolPure Smart 9000 BTU,8500,5,42500,3,1470,ไม่มีบริการ,0,43970,27.5,61.5,204.2,91.3,4724
CP-1065,2025-02-08,Lazada,เจ้าของบ้าน/คอนโด (First Jobber),CoolPure Smart 9000 BTU,8500,1,8500,6,2940,ไม่มีบริการ,0,11440,28.4,69.7,43.9,93.1,5243
CP-1066,2025-02-08,Lazada,เจ้าของบ้าน/คอนโด (First Jobber),CoolPure Smart 9000 BTU,8500,1,8500,5,2450,บริการล้างแอร์รายปี,500,11450,30.2,57.8,31.8,95.7,2199
CP-1067,2025-02-09,Lazada,ผู้เช่าหอพัก/คอนโด (นักศึกษา/คนทำงาน),CoolPure Smart 12000 BTU,10500,2,21000,3,1470,บริการล้างแอร์รายปี,500,22970,28.0,64.0,92.3,98.5,3172
CP-1068,2025-02-09,Lazada,เจ้าของบ้าน/คอนโด (First Jobber),CoolPure Smart 12000 BTU,10500,1,10500,6,2940,บริการล้างแอร์รายปี,500,13940,32.0,61.4,43.7,94.1,1747
CP-1069,2025-02-09,TikTok Shop,ผู้เช่าหอพัก/คอนโด (นักศึกษา/คนทำงาน),CoolPure Smart 9000 BTU,8500,1,8500,4,1960,ไม่มีบริการ,0,10460,31.2,56.1,47.4,96.8,1842
CP-1070,2025-02-10,Lazada,ผู้เช่าหอพัก/คอนโด (นักศึกษา/คนทำงาน),CoolPure Smart 9000 BTU,8500,4,34000,6,2940,ไม่มีบริการ,0,36940,29.2,55.8,137.6,93.1,4045
CP-1071,2025-02-10,TikTok Shop,ผู้เช่าหอพัก/คอนโด (นักศึกษา/คนทำงาน),CoolPure Smart 9000 BTU,8500,3,25500,2,980,บริการย้ายจุดติดตั้ง,1200,27680,29.7,45.9,87.2,92.9,2112
CP-1072,2025-02-10,Shopee,ผู้เช่าหอพัก/คอนโด (นักศึกษา/คนทำงาน),CoolPure Smart 12000 BTU,10500,2,21000,1,490,ไม่มีบริการ,0,21490,30.3,54.5,84.8,92.6,4960
CP-1073,2025-02-10,Direct Partnership (Condo),ผู้เช่าหอพัก/คอนโด (นักศึกษา/คนทำงาน),CoolPure Smart 12000 BTU,10500,4,42000,4,1960,ไม่มีบริการ,0,43960,29.3,65.9,141.0,91.9,4924
CP-1074,2025-02-10,Lazada,เจ้าของบ้าน/คอนโด (First Jobber),CoolPure Smart 9000 BTU,8500,3,25500,2,980,ไม่มีบริการ,0,26480,28.4,55.2,103.7,95.3,2867
CP-1075,2025-02-11,Direct Partnership (Condo),เจ้าของบ้าน/คอนโด (First Jobber),CoolPure Smart 12000 BTU,10500,1,10500,3,1470,ไม่มีบริการ,0,11970,28.2,53.0,25.7,99.5,4382
CP-1076,2025-02-11,Shopee,ผู้เช่าหอพัก/คอนโด (นักศึกษา/คนทำงาน),CoolPure Smart 9000 BTU,8500,2,17000,6,2940,บริการล้างแอร์รายปี,500,20440,29.4,47.9,59.0,92.5,4694
CP-1077,2025-02-12,TikTok Shop,เจ้าของบ้าน/คอนโด (First Jobber),CoolPure Smart 12000 BTU,10500,2,21000,1,490,ไม่มีบริการ,0,21490,31.9,50.6,66.9,96.4,4803
CP-1078,2025-02-12,Shopee,ผู้เช่าหอพัก/คอนโด (นักศึกษา/คนทำงาน),CoolPure Smart 9000 BTU,8500,2,17000,1,490,บริการล้างแอร์รายปี,500,17990,31.4,58.5,69.4,93.1,4687
CP-1079,2025-02-12,TikTok Shop,ผู้เช่าหอพัก/คอนโด (นักศึกษา/คนทำงาน),CoolPure Smart 9000 BTU,8500,1,8500,4,1960,ไม่มีบริการ,0,10460,29.1,49.9,33.1,97.5,4485
CP-1080,2025-02-14,Lazada,เจ้าของบ้าน/คอนโด (First Jobber),CoolPure Smart 12000 BTU,10500,3,31500,1,490,บริการล้างแอร์รายปี,500,32490,29.0,67.5,137.3,99.3,4874
CP-1081,2025-02-14,Lazada,เจ้าของบ้าน/คอนโด (First Jobber),CoolPure Smart 9000 BTU,8500,3,25500,0,0,ไม่มีบริการ,0,25500,29.6,49.7,117.6,95.1,3738
CP-1082,2025-02-14,Direct Partnership (Condo),เจ้าของบ้าน/คอนโด (First Jobber),CoolPure Smart 9000 BTU,8500,2,17000,1,490,ไม่มีบริการ,0,17490,27.7,64.6,69.3,94.5,3522
CP-1083,2025-02-16,Direct Partnership (Condo),ผู้เช่าหอพัก/คอนโด (นักศึกษา/คนทำงาน),CoolPure Smart 9000 BTU,8500,2,17000,5,2450,ไม่มีบริการ,0,19450,30.4,52.9,85.3,92.3,2694
CP-1084,2025-02-16,Lazada,ผู้เช่าหอพัก/คอนโด (นักศึกษา/คนทำงาน),CoolPure Smart 12000 BTU,10500,1,10500,2,980,ไม่มีบริการ,0,11480,30.7,43.7,39.8,95.6,4847
CP-1085,2025-02-17,TikTok Shop,ผู้เช่าหอพัก/คอนโด (นักศึกษา/คนทำงาน),CoolPure Smart 9000 BTU,8500,4,34000,1,490,บริการล้างแอร์รายปี,500,34990,30.2,70.5,134.2,92.3,5419
CP-1086,2025-02-21,TikTok Shop,เจ้าของบ้าน/คอนโด (First Jobber),CoolPure Smart 12000 BTU,10500,3,31500,7,3430,ไม่มีบริการ,0,34930,30.1,66.2,116.6,99.2,3980
CP-1087,2025-02-22,Lazada,ผู้เช่าหอพัก/คอนโด (นักศึกษา/คนทำงาน),CoolPure Smart 9000 BTU,8500,5,42500,3,1470,ไม่มีบริการ,0,43970,29.2,66.2,159.2,99.3,5044
CP-1088,2025-02-23,Lazada,ผู้เช่าหอพัก/คอนโด (นักศึกษา/คนทำงาน),CoolPure Smart 9000 BTU,8500,1,8500,6,2940,ไม่มีบริการ,0,11440,33.3,47.6,43.0,95.6,1815
CP-1089,2025-02-23,Lazada,ผู้เช่าหอพัก/คอนโด (นักศึกษา/คนทำงาน),CoolPure Smart 12000 BTU,10500,5,52500,5,2450,ไม่มีบริการ,0,54950,29.7,54.3,163.7,96.3,2217
CP-1090,2025-02-24,TikTok Shop,ผู้เช่าหอพัก/คอนโด (นักศึกษา/คนทำงาน),CoolPure Smart 9000 BTU,8500,2,17000,3,1470,บริการย้ายจุดติดตั้ง,1200,19670,32.8,51.0,64.7,92.0,5264
CP-1091,2025-02-25,Shopee,ผู้เช่าหอพัก/คอนโด (นักศึกษา/คนทำงาน),CoolPure Smart 9000 BTU,8500,2,17000,1,490,ไม่มีบริการ,0,17490,27.7,56.9,56.3,99.0,4567
CP-1092,2025-02-25,Lazada,ผู้เช่าหอพัก/คอนโด (นักศึกษา/คนทำงาน),CoolPure Smart 9000 BTU,8500,2,17000,2,980,ไม่มีบริการ,0,17980,30.3,51.5,91.2,95.1,4480
CP-1093,2025-02-25,Direct Partnership (Condo),เจ้าของบ้าน/คอนโด (First Jobber),CoolPure Smart 12000 BTU,10500,1,10500,3,1470,ไม่มีบริการ,0,11970,27.5,50.0,36.6,91.6,3705
CP-1094,2025-02-26,Shopee,ผู้เช่าหอพัก/คอนโด (นักศึกษา/คนทำงาน),CoolPure Smart 9000 BTU,8500,3,25500,1,490,บริการล้างแอร์รายปี,500,26490,33.7,57.4,77.2,97.5,5069
CP-1095,2025-02-26,TikTok Shop,ผู้เช่าหอพัก/คอนโด (นักศึกษา/คนทำงาน),CoolPure Smart 12000 BTU,10500,2,21000,1,490,ไม่มีบริการ,0,21490,27.2,47.8,59.7,97.3,2056
CP-1096,2025-02-26,Lazada,เจ้าของบ้าน/คอนโด (First Jobber),CoolPure Smart 9000 BTU,8500,1,8500,2,980,ไม่มีบริการ,0,9480,29.4,73.8,27.8,97.5,1985
CP-1097,2025-02-26,Shopee,เจ้าของบ้าน/คอนโด (First Jobber),CoolPure Smart 9000 BTU,8500,4,34000,6,2940,บริการล้างแอร์รายปี,500,37440,30.6,47.3,108.9,95.7,2525
CP-1098,2025-02-27,Lazada,เจ้าของบ้าน/คอนโด (First Jobber),CoolPure Smart 12000 BTU,10500,8,84000,6,2940,บริการล้างแอร์รายปี,500,87440,31.0,69.4,255.5,95.5,4704
CP-1099,2025-02-28,Lazada,ผู้เช่าหอพัก/คอนโด (นักศึกษา/คนทำงาน),CoolPure Smart 9000 BTU,8500,2,17000,1,490,บริการล้างแอร์รายปี,500,17990,29.1,54.8,91.5,97.2,5176
CP-1100,2025-03-01,Lazada,เจ้าของบ้าน/คอนโด (First Jobber),CoolPure Smart 9000 BTU,8500,2,17000,3,1470,ไม่มีบริการ,0,18470,33.6,31.6,138.8,96.2,3461
CP-1101,2025-03-01,TikTok Shop,ผู้เช่าหอพัก/คอนโด (นักศึกษา/คนทำงาน),CoolPure Smart 9000 BTU,8500,1,8500,3,1470,บริการย้ายจุดติดตั้ง,1200,11170,33.5,49.6,47.0,99.3,3891
CP-1102,2025-03-01,Lazada,ผู้เช่าหอพัก/คอนโด (นักศึกษา/คนทำงาน),CoolPure Smart 9000 BTU,8500,3,25500,4,1960,บริการล้างแอร์รายปี,500,27960,30.5,64.2,197.9,93.8,2046
CP-1103,2025-03-02,TikTok Shop,เจ้าของบ้าน/คอนโด (First Jobber),CoolPure Smart 9000 BTU,8500,5,42500,2,980,บริการล้างแอร์รายปี,500,43980,29.6,53.2,291.1,97.8,5307
CP-1104,2025-03-02,Lazada,ผู้เช่าหอพัก/คอนโด (นักศึกษา/คนทำงาน),CoolPure Smart 9000 BTU,8500,6,51000,7,3430,บริการล้างแอร์รายปี,500,54930,29.7,67.4,359.3,95.3,3151
CP-1105,2025-03-04,TikTok Shop,ผู้เช่าหอพัก/คอนโด (นักศึกษา/คนทำงาน),CoolPure Smart 12000 BTU,10500,2,21000,6,2940,ไม่มีบริการ,0,23940,32.5,48.6,94.9,92.3,3730
CP-1106,2025-03-04,Shopee,ผู้เช่าหอพัก/คอนโด (นักศึกษา/คนทำงาน),CoolPure Smart 12000 BTU,10500,2,21000,3,1470,ไม่มีบริการ,0,22470,31.4,80.2,89.5,99.2,1645
CP-1107,2025-03-04,Lazada,ผู้เช่าหอพัก/คอนโด (นักศึกษา/คนทำงาน),CoolPure Smart 12000 BTU,10500,3,31500,9,4410,บริการย้ายจุดติดตั้ง,1200,37110,33.3,31.7,201.0,92.3,3340
CP-1108,2025-03-05,Direct Partnership (Condo),เจ้าของบ้าน/คอนโด (First Jobber),CoolPure Smart 9000 BTU,8500,4,34000,6,2940,ไม่มีบริการ,0,36940,29.9,78.3,262.1,98.8,2471
CP-1109,2025-03-06,TikTok Shop,ผู้เช่าหอพัก/คอนโด (นักศึกษา/คนทำงาน),CoolPure Smart 9000 BTU,8500,7,59500,3,1470,ไม่มีบริการ,0,60970,32.0,66.2,428.6,95.8,2061
CP-1110,2025-03-07,Shopee,ผู้เช่าหอพัก/คอนโด (นักศึกษา/คนทำงาน),CoolPure Smart 12000 BTU,10500,1,10500,5,2450,ไม่มีบริการ,0,12950,30.6,48.0,39.5,96.8,2475
CP-1111,2025-03-07,Lazada,ผู้เช่าหอพัก/คอนโด (นักศึกษา/คนทำงาน),CoolPure Smart 12000 BTU,10500,4,42000,4,1960,บริการล้างแอร์รายปี,500,44460,29.2,54.1,243.2,99.5,4199
CP-1112,2025-03-08,Shopee,ผู้เช่าหอพัก/คอนโด (นักศึกษา/คนทำงาน),CoolPure Smart 12000 BTU,10500,3,31500,6,2940,บริการล้างแอร์รายปี,500,34940,31.5,55.7,148.8,93.8,4283
CP-1113,2025-03-09,Shopee,ผู้เช่าหอพัก/คอนโด (นักศึกษา/คนทำงาน),CoolPure Smart 12000 BTU,10500,1,10500,4,1960,บริการล้างแอร์รายปี,500,12960,33.8,54.8,43.7,92.3,3691
CP-1114,2025-03-09,Shopee,เจ้าของบ้าน/คอนโด (First Jobber),CoolPure Smart 9000 BTU,8500,3,25500,1,490,ไม่มีบริการ,0,25990,33.7,56.4,199.7,92.9,1851
CP-1115,2025-03-10,Lazada,ผู้เช่าหอพัก/คอนโด (นักศึกษา/คนทำงาน),CoolPure Smart 9000 BTU,8500,6,51000,6,2940,ไม่มีบริการ,0,53940,31.2,72.0,328.5,91.8,4665
CP-1116,2025-03-10,Direct Partnership (Condo),ผู้เช่าหอพัก/คอนโด (นักศึกษา/คนทำงาน),CoolPure Smart 9000 BTU,8500,2,17000,7,3430,ไม่มีบริการ,0,20430,36.6,52.5,93.9,98.4,4388
CP-1117,2025-03-10,Shopee,เจ้าของบ้าน/คอนโด (First Jobber),CoolPure Smart 9000 BTU,8500,3,25500,2,980,ไม่มีบริการ,0,26480,32.4,71.6,155.8,93.2,2604
CP-1118,2025-03-10,Shopee,เจ้าของบ้าน/คอนโด (First Jobber),CoolPure Smart 9000 BTU,8500,3,25500,6,2940,ไม่มีบริการ,0,28440,31.1,46.2,131.2,91.5,1508
CP-1119,2025-03-11,Shopee,เจ้าของบ้าน/คอนโด (First Jobber),CoolPure Smart 9000 BTU,8500,1,8500,2,980,บริการล้างแอร์รายปี,500,9980,30.6,50.3,68.2,93.7,4405
CP-1120,2025-03-12,TikTok Shop,ผู้เช่าหอพัก/คอนโด (นักศึกษา/คนทำงาน),CoolPure Smart 9000 BTU,8500,8,68000,5,2450,บริการล้างแอร์รายปี,500,70950,32.1,62.6,328.8,98.0,2366
CP-1121,2025-03-12,Shopee,ผู้เช่าหอพัก/คอนโด (นักศึกษา/คนทำงาน),CoolPure Smart 9000 BTU,8500,5,42500,7,3430,ไม่มีบริการ,0,45930,32.2,56.8,287.9,95.9,5377
CP-1122,2025-03-13,Direct Partnership (Condo),เจ้าของบ้าน/คอนโด (First Jobber),CoolPure Smart 12000 BTU,10500,2,21000,2,980,ไม่มีบริการ,0,21980,30.3,46.9,111.2,96.9,3295
CP-1123,2025-03-13,Lazada,เจ้าของบ้าน/คอนโด (First Jobber),CoolPure Smart 9000 BTU,8500,7,59500,2,980,บริการล้างแอร์รายปี,500,60980,31.4,66.5,476.8,98.2,3719
CP-1124,2025-03-13,Lazada,เจ้าของบ้าน/คอนโด (First Jobber),CoolPure Smart 12000 BTU,10500,4,42000,2,980,บริการล้างแอร์รายปี,500,43480,30.7,59.8,211.8,91.0,5183
CP-1125,2025-03-14,Shopee,เจ้าของบ้าน/คอนโด (First Jobber),CoolPure Smart 12000 BTU,10500,5,52500,5,2450,ไม่มีบริการ,0,54950,32.6,52.7,218.0,97.0,4715
CP-1126,2025-03-15,TikTok Shop,เจ้าของบ้าน/คอนโด (First Jobber),CoolPure Smart 12000 BTU,10500,3,31500,3,1470,บริการล้างแอร์รายปี,500,33470,31.5,59.0,147.5,95.8,2977
CP-1127,2025-03-16,Shopee,ผู้เช่าหอพัก/คอนโด (นักศึกษา/คนทำงาน),CoolPure Smart 12000 BTU,10500,3,31500,7,3430,ไม่มีบริการ,0,34930,31.4,53.9,190.7,98.4,1527
CP-1128,2025-03-16,Lazada,ผู้เช่าหอพัก/คอนโด (นักศึกษา/คนทำงาน),CoolPure Smart 9000 BTU,8500,4,34000,1,490,ไม่มีบริการ,0,34490,31.7,71.6,226.0,95.2,3039
CP-1129,2025-03-16,TikTok Shop,ผู้เช่าหอพัก/คอนโด (นักศึกษา/คนทำงาน),CoolPure Smart 12000 BTU,10500,4,42000,4,1960,ไม่มีบริการ,0,43960,30.5,87.5,254.4,93.1,4201
CP-1130,2025-03-16,Shopee,เจ้าของบ้าน/คอนโด (First Jobber),CoolPure Smart 12000 BTU,10500,4,42000,2,980,ไม่มีบริการ,0,42980,31.0,64.4,214.0,99.6,3612
CP-1131,2025-03-16,Lazada,ผู้เช่าหอพัก/คอนโด (นักศึกษา/คนทำงาน),CoolPure Smart 9000 BTU,8500,5,42500,3,1470,ไม่มีบริการ,0,43970,29.3,78.2,324.4,98.5,4084
CP-1132,2025-03-17,Shopee,เจ้าของบ้าน/คอนโด (First Jobber),CoolPure Smart 9000 BTU,8500,2,17000,6,2940,บริการล้างแอร์รายปี,500,20440,30.3,69.9,103.0,96.7,2582
CP-1133,2025-03-17,TikTok Shop,เจ้าของบ้าน/คอนโด (First Jobber),CoolPure Smart 9000 BTU,8500,3,25500,6,2940,บริการล้างแอร์รายปี,500,28940,33.0,52.0,145.9,98.6,5172
CP-1134,2025-03-18,TikTok Shop,ผู้เช่าหอพัก/คอนโด (นักศึกษา/คนทำงาน),CoolPure Smart 9000 BTU,8500,3,25500,4,1960,ไม่มีบริการ,0,27460,32.3,53.5,173.7,92.8,1925
CP-1135,2025-03-18,TikTok Shop,ผู้เช่าหอพัก/คอนโด (นักศึกษา/คนทำงาน),CoolPure Smart 9000 BTU,8500,3,25500,6,2940,บริการล้างแอร์รายปี,500,28940,31.6,44.4,159.2,93.8,4901
CP-1136,2025-03-19,Lazada,เจ้าของบ้าน/คอนโด (First Jobber),CoolPure Smart 9000 BTU,8500,3,25500,6,2940,ไม่มีบริการ,0,28440,30.6,51.3,202.3,93.9,3664
CP-1137,2025-03-19,Direct Partnership (Condo),ผู้เช่าหอพัก/คอนโด (นักศึกษา/คนทำงาน),CoolPure Smart 9000 BTU,8500,2,17000,2,980,ไม่มีบริการ,0,17980,29.0,58.8,80.4,98.4,3708
CP-1138,2025-03-19,Shopee,เจ้าของบ้าน/คอนโด (First Jobber),CoolPure Smart 9000 BTU,8500,6,51000,4,1960,ไม่มีบริการ,0,52960,34.7,60.2,242.1,99.4,2084
CP-1139,2025-03-20,TikTok Shop,เจ้าของบ้าน/คอนโด (First Jobber),CoolPure Smart 9000 BTU,8500,4,34000,4,1960,ไม่มีบริการ,0,35960,35.5,61.5,209.3,93.5,2575
CP-1140,2025-03-20,Lazada,เจ้าของบ้าน/คอนโด (First Jobber),CoolPure Smart 9000 BTU,8500,4,34000,1,490,บริการล้างแอร์รายปี,500,34990,35.4,51.1,261.3,94.2,2100
CP-1141,2025-03-21,Lazada,ผู้เช่าหอพัก/คอนโด (นักศึกษา/คนทำงาน),CoolPure Smart 12000 BTU,10500,3,31500,2,980,ไม่มีบริการ,0,32480,28.7,63.6,142.1,98.7,5071
CP-1142,2025-03-22,TikTok Shop,ผู้เช่าหอพัก/คอนโด (นักศึกษา/คนทำงาน),CoolPure Smart 12000 BTU,10500,3,31500,4,1960,ไม่มีบริการ,0,33460,33.0,64.1,123.3,97.8,2648
CP-1143,2025-03-23,Lazada,เจ้าของบ้าน/คอนโด (First Jobber),CoolPure Smart 9000 BTU,8500,3,25500,0,0,บริการล้างแอร์รายปี,500,26000,31.4,58.1,123.0,97.3,2101
CP-1144,2025-03-23,Shopee,เจ้าของบ้าน/คอนโด (First Jobber),CoolPure Smart 12000 BTU,10500,3,31500,5,2450,ไม่มีบริการ,0,33950,32.4,73.0,139.7,95.1,4837
CP-1145,2025-03-24,Shopee,เจ้าของบ้าน/คอนโด (First Jobber),CoolPure Smart 9000 BTU,8500,3,25500,2,980,ไม่มีบริการ,0,26480,32.4,39.1,187.5,95.0,1572
CP-1146,2025-03-26,Direct Partnership (Condo),เจ้าของบ้าน/คอนโด (First Jobber),CoolPure Smart 9000 BTU,8500,6,51000,5,2450,ไม่มีบริการ,0,53450,32.9,59.1,287.6,94.5,2674
CP-1147,2025-03-26,TikTok Shop,ผู้เช่าหอพัก/คอนโด (นักศึกษา/คนทำงาน),CoolPure Smart 9000 BTU,8500,2,17000,4,1960,ไม่มีบริการ,0,18960,31.5,50.2,103.6,93.4,4566
CP-1148,2025-03-26,Lazada,ผู้เช่าหอพัก/คอนโด (นักศึกษา/คนทำงาน),CoolPure Smart 9000 BTU,8500,4,34000,3,1470,ไม่มีบริการ,0,35470,30.3,50.3,227.8,92.1,3698
CP-1149,2025-03-27,Shopee,เจ้าของบ้าน/คอนโด (First Jobber),CoolPure Smart 9000 BTU,8500,1,8500,5,2450,ไม่มีบริการ,0,10950,36.8,25.7,56.2,97.0,4029
CP-1150,2025-03-27,Lazada,ผู้เช่าหอพัก/คอนโด (นักศึกษา/คนทำงาน),CoolPure Smart 9000 BTU,8500,3,25500,2,980,บริการย้ายจุดติดตั้ง,1200,27680,34.0,51.8,156.8,91.2,4546
CP-1151,2025-03-27,TikTok Shop,เจ้าของบ้าน/คอนโด (First Jobber),CoolPure Smart 9000 BTU,8500,1,8500,1,490,บริการล้างแอร์รายปี,500,9490,30.7,58.4,53.0,94.7,5482
CP-1152,2025-03-28,TikTok Shop,ผู้เช่าหอพัก/คอนโด (นักศึกษา/คนทำงาน),CoolPure Smart 12000 BTU,10500,7,73500,6,2940,บริการล้างแอร์รายปี,500,76940,28.7,53.1,437.0,97.8,4092
CP-1153,2025-03-29,Shopee,ผู้เช่าหอพัก/คอนโด (นักศึกษา/คนทำงาน),CoolPure Smart 12000 BTU,10500,4,42000,0,0,บริการย้ายจุดติดตั้ง,1200,43200,28.1,40.2,203.7,94.2,3491
CP-1154,2025-03-29,TikTok Shop,ผู้เช่าหอพัก/คอนโด (นักศึกษา/คนทำงาน),CoolPure Smart 9000 BTU,8500,6,51000,6,2940,บริการล้างแอร์รายปี,500,54440,33.6,65.8,260.7,94.7,1989
CP-1155,2025-03-31,TikTok Shop,ผู้เช่าหอพัก/คอนโด (นักศึกษา/คนทำงาน),CoolPure Smart 9000 BTU,8500,5,42500,7,3430,บริการล้างแอร์รายปี,500,46430,33.1,65.8,198.1,94.2,3532
CP-1156,2025-04-01,Direct Partnership (Condo),ผู้เช่าหอพัก/คอนโด (นักศึกษา/คนทำงาน),CoolPure Smart 9000 BTU,8500,3,25500,5,2450,ไม่มีบริการ,0,27950,33.5,64.8,154.6,97.3,2942
CP-1157,2025-04-01,Shopee,ผู้เช่าหอพัก/คอนโด (นักศึกษา/คนทำงาน),CoolPure Smart 9000 BTU,8500,4,34000,0,0,ไม่มีบริการ,0,34000,30.8,44.8,217.5,93.3,2240
CP-1158,2025-04-03,Shopee,ผู้เช่าหอพัก/คอนโด (นักศึกษา/คนทำงาน),CoolPure Smart 12000 BTU,10500,4,42000,1,490,บริการย้ายจุดติดตั้ง,1200,43690,30.3,33.7,185.1,97.5,4761
CP-1159,2025-04-05,TikTok Shop,ผู้เช่าหอพัก/คอนโด (นักศึกษา/คนทำงาน),CoolPure Smart 9000 BTU,8500,4,34000,6,2940,บริการล้างแอร์รายปี,500,37440,28.8,60.7,145.0,91.4,2609
CP-1160,2025-04-05,Shopee,ผู้เช่าหอพัก/คอนโด (นักศึกษา/คนทำงาน),CoolPure Smart 9000 BTU,8500,4,34000,6,2940,ไม่มีบริการ,0,36940,32.8,61.0,242.3,95.0,5407
CP-1161,2025-04-06,Lazada,ผู้เช่าหอพัก/คอนโด (นักศึกษา/คนทำงาน),CoolPure Smart 9000 BTU,8500,2,17000,3,1470,ไม่มีบริการ,0,18470,32.9,59.1,135.4,99.6,2115
CP-1162,2025-04-07,TikTok Shop,เจ้าของบ้าน/คอนโด (First Jobber),CoolPure Smart 9000 BTU,8500,3,25500,4,1960,บริการล้างแอร์รายปี,500,27960,29.4,59.2,170.1,94.4,4479
CP-1163,2025-04-10,TikTok Shop,ผู้เช่าหอพัก/คอนโด (นักศึกษา/คนทำงาน),CoolPure Smart 9000 BTU,8500,3,25500,1,490,บริการล้างแอร์รายปี,500,26490,32.3,70.7,119.4,95.5,2432
CP-1164,2025-04-11,TikTok Shop,เจ้าของบ้าน/คอนโด (First Jobber),CoolPure Smart 9000 BTU,8500,5,42500,5,2450,ไม่มีบริการ,0,44950,29.7,66.0,219.4,91.6,5314
CP-1165,2025-04-12,Lazada,ผู้เช่าหอพัก/คอนโด (นักศึกษา/คนทำงาน),CoolPure Smart 12000 BTU,10500,2,21000,5,2450,บริการล้างแอร์รายปี,500,23950,32.5,53.6,132.5,94.2,4977
CP-1166,2025-04-13,Shopee,เจ้าของบ้าน/คอนโด (First Jobber),CoolPure Smart 9000 BTU,8500,6,51000,5,2450,ไม่มีบริการ,0,53450,30.9,60.4,294.3,96.3,3146
CP-1167,2025-04-13,Shopee,เจ้าของบ้าน/คอนโด (First Jobber),CoolPure Smart 9000 BTU,8500,5,42500,7,3430,ไม่มีบริการ,0,45930,31.3,51.4,227.4,91.1,5002
CP-1168,2025-04-14,Shopee,ผู้เช่าหอพัก/คอนโด (นักศึกษา/คนทำงาน),CoolPure Smart 12000 BTU,10500,4,42000,4,1960,บริการล้างแอร์รายปี,500,44460,31.0,55.9,240.9,94.2,4454
CP-1169,2025-04-14,Shopee,ผู้เช่าหอพัก/คอนโด (นักศึกษา/คนทำงาน),CoolPure Smart 9000 BTU,8500,5,42500,1,490,บริการล้างแอร์รายปี,500,43490,30.2,32.5,300.6,98.9,3129
CP-1170,2025-04-15,Lazada,เจ้าของบ้าน/คอนโด (First Jobber),CoolPure Smart 9000 BTU,8500,1,8500,5,2450,ไม่มีบริการ,0,10950,35.7,61.9,47.7,94.0,4583
CP-1171,2025-04-15,Shopee,เจ้าของบ้าน/คอนโด (First Jobber),CoolPure Smart 9000 BTU,8500,2,17000,2,980,ไม่มีบริการ,0,17980,36.1,66.4,83.3,96.8,4193
CP-1172,2025-04-15,Shopee,เจ้าของบ้าน/คอนโด (First Jobber),CoolPure Smart 9000 BTU,8500,3,25500,5,2450,ไม่มีบริการ,0,27950,31.1,56.9,122.7,97.9,4793
CP-1173,2025-04-16,Shopee,ผู้เช่าหอพัก/คอนโด (นักศึกษา/คนทำงาน),CoolPure Smart 12000 BTU,10500,4,42000,6,2940,บริการล้างแอร์รายปี,500,45440,25.8,68.6,192.8,97.4,3711
CP-1174,2025-04-16,Shopee,เจ้าของบ้าน/คอนโด (First Jobber),CoolPure Smart 12000 BTU,10500,3,31500,3,1470,ไม่มีบริการ,0,32970,29.3,53.0,206.2,94.0,3455
CP-1175,2025-04-17,Shopee,เจ้าของบ้าน/คอนโด (First Jobber),CoolPure Smart 12000 BTU,10500,5,52500,3,1470,บริการย้ายจุดติดตั้ง,1200,55170,31.6,66.0,339.4,95.7,2438
CP-1176,2025-04-19,TikTok Shop,ผู้เช่าหอพัก/คอนโด (นักศึกษา/คนทำงาน),CoolPure Smart 12000 BTU,10500,7,73500,4,1960,ไม่มีบริการ,0,75460,32.7,60.9,455.9,91.8,4118
CP-1177,2025-04-20,Shopee,เจ้าของบ้าน/คอนโด (First Jobber),CoolPure Smart 12000 BTU,10500,4,42000,1,490,บริการล้างแอร์รายปี,500,42990,31.9,53.1,159.3,98.2,4722
CP-1178,2025-04-21,TikTok Shop,ผู้เช่าหอพัก/คอนโด (นักศึกษา/คนทำงาน),CoolPure Smart 9000 BTU,8500,6,51000,5,2450,บริการล้างแอร์รายปี,500,53950,31.4,52.4,218.8,99.4,3354
CP-1179,2025-04-22,TikTok Shop,เจ้าของบ้าน/คอนโด (First Jobber),CoolPure Smart 9000 BTU,8500,2,17000,4,1960,บริการย้ายจุดติดตั้ง,1200,20160,32.0,49.0,123.6,94.0,3451
CP-1180,2025-04-22,Lazada,ผู้เช่าหอพัก/คอนโด (นักศึกษา/คนทำงาน),CoolPure Smart 9000 BTU,8500,1,8500,5,2450,บริการย้ายจุดติดตั้ง,1200,12150,29.2,67.4,62.8,97.4,1936
CP-1181,2025-04-23,TikTok Shop,ผู้เช่าหอพัก/คอนโด (นักศึกษา/คนทำงาน),CoolPure Smart 12000 BTU,10500,9,94500,5,2450,บริการล้างแอร์รายปี,500,97450,28.5,73.4,328.8,98.5,1961
CP-1182,2025-04-27,TikTok Shop,เจ้าของบ้าน/คอนโด (First Jobber),CoolPure Smart 9000 BTU,8500,2,17000,2,980,บริการล้างแอร์รายปี,500,18480,31.5,47.0,91.6,96.3,3930
CP-1183,2025-04-27,Lazada,เจ้าของบ้าน/คอนโด (First Jobber),CoolPure Smart 9000 BTU,8500,3,25500,6,2940,บริการล้างแอร์รายปี,500,28940,31.7,46.3,120.2,99.1,2489
CP-1184,2025-04-27,Lazada,เจ้าของบ้าน/คอนโด (First Jobber),CoolPure Smart 9000 BTU,8500,7,59500,1,490,ไม่มีบริการ,0,59990,35.8,36.6,327.6,93.3,3031
CP-1185,2025-04-28,Shopee,ผู้เช่าหอพัก/คอนโด (นักศึกษา/คนทำงาน),CoolPure Smart 9000 BTU,8500,3,25500,4,1960,ไม่มีบริการ,0,27460,32.6,71.5,109.7,98.0,5300
CP-1186,2025-04-29,Shopee,เจ้าของบ้าน/คอนโด (First Jobber),CoolPure Smart 9000 BTU,8500,4,34000,3,1470,ไม่มีบริการ,0,35470,29.1,66.0,169.6,92.3,5469
CP-1187,2025-04-30,TikTok Shop,ผู้เช่าหอพัก/คอนโด (นักศึกษา/คนทำงาน),CoolPure Smart 12000 BTU,10500,2,21000,2,980,บริการล้างแอร์รายปี,500,22480,32.0,61.1,96.6,97.4,1929
CP-1188,2025-05-01,Shopee,เจ้าของบ้าน/คอนโด (First Jobber),CoolPure Smart 12000 BTU,10500,1,10500,2,980,บริการล้างแอร์รายปี,500,11980,30.3,23.4,57.1,92.0,4116
CP-1189,2025-05-02,Lazada,เจ้าของบ้าน/คอนโด (First Jobber),CoolPure Smart 9000 BTU,8500,2,17000,2,980,ไม่มีบริการ,0,17980,30.5,20.3,85.4,92.8,2285
CP-1190,2025-05-02,Shopee,ผู้เช่าหอพัก/คอนโด (นักศึกษา/คนทำงาน),CoolPure Smart 9000 BTU,8500,5,42500,1,490,บริการล้างแอร์รายปี,500,43490,30.7,12.6,318.2,96.4,3533
CP-1191,2025-05-03,TikTok Shop,เจ้าของบ้าน/คอนโด (First Jobber),CoolPure Smart 12000 BTU,10500,2,21000,2,980,บริการย้ายจุดติดตั้ง,1200,23180,30.5,35.0,85.9,93.6,2639
CP-1192,2025-05-03,Direct Partnership (Condo),ผู้เช่าหอพัก/คอนโด (นักศึกษา/คนทำงาน),CoolPure Smart 9000 BTU,8500,1,8500,3,1470,ไม่มีบริการ,0,9970,29.9,18.5,43.0,94.0,5187
CP-1193,2025-05-04,Lazada,เจ้าของบ้าน/คอนโด (First Jobber),CoolPure Smart 12000 BTU,10500,2,21000,0,0,บริการย้ายจุดติดตั้ง,1200,22200,33.9,17.2,112.0,96.3,2563
CP-1194,2025-05-04,Shopee,ผู้เช่าหอพัก/คอนโด (นักศึกษา/คนทำงาน),CoolPure Smart 9000 BTU,8500,4,34000,0,0,บริการล้างแอร์รายปี,500,34500,31.5,16.0,192.4,92.3,5213
CP-1195,2025-05-04,Shopee,เจ้าของบ้าน/คอนโด (First Jobber),CoolPure Smart 9000 BTU,8500,3,25500,0,0,บริการย้ายจุดติดตั้ง,1200,26700,33.0,30.0,155.4,95.8,4691
CP-1196,2025-05-05,TikTok Shop,ผู้เช่าหอพัก/คอนโด (นักศึกษา/คนทำงาน),CoolPure Smart 9000 BTU,8500,4,34000,3,1470,บริการล้างแอร์รายปี,500,35970,30.9,32.8,202.0,93.6,4800
CP-1197,2025-05-05,Lazada,เจ้าของบ้าน/คอนโด (First Jobber),CoolPure Smart 12000 BTU,10500,2,21000,2,980,บริการล้างแอร์รายปี,500,22480,30.4,36.4,91.5,93.6,4198
CP-1198,2025-05-07,Shopee,เจ้าของบ้าน/คอนโด (First Jobber),CoolPure Smart 12000 BTU,10500,6,63000,1,490,ไม่มีบริการ,0,63490,34.1,29.7,315.4,93.5,4302
CP-1199,2025-05-08,Lazada,ผู้เช่าหอพัก/คอนโด (นักศึกษา/คนทำงาน),CoolPure Smart 9000 BTU,8500,6,51000,1,490,ไม่มีบริการ,0,51490,29.9,21.5,294.1,92.8,4608
CP-1200,2025-05-08,Shopee,ผู้เช่าหอพัก/คอนโด (นักศึกษา/คนทำงาน),CoolPure Smart 9000 BTU,8500,3,25500,1,490,บริการล้างแอร์รายปี,500,26490,28.9,33.1,142.8,99.3,2772
CP-1201,2025-05-08,TikTok Shop,ผู้เช่าหอพัก/คอนโด (นักศึกษา/คนทำงาน),CoolPure Smart 12000 BTU,10500,3,31500,1,490,บริการล้างแอร์รายปี,500,32490,31.7,42.9,172.7,99.4,4288
CP-1202,2025-05-09,Shopee,เจ้าของบ้าน/คอนโด (First Jobber),CoolPure Smart 9000 BTU,8500,3,25500,3,1470,ไม่มีบริการ,0,26970,33.6,23.9,131.7,96.7,4694
CP-1203,2025-05-10,Lazada,เจ้าของบ้าน/คอนโด (First Jobber),CoolPure Smart 9000 BTU,8500,2,17000,2,980,บริการย้ายจุดติดตั้ง,1200,19180,33.8,28.1,106.4,99.1,5242
CP-1204,2025-05-11,Shopee,ผู้เช่าหอพัก/คอนโด (นักศึกษา/คนทำงาน),CoolPure Smart 12000 BTU,10500,4,42000,1,490,บริการล้างแอร์รายปี,500,42990,30.5,27.6,277.1,95.0,2841
CP-1205,2025-05-11,Lazada,เจ้าของบ้าน/คอนโด (First Jobber),CoolPure Smart 9000 BTU,8500,4,34000,3,1470,บริการล้างแอร์รายปี,500,35970,31.1,55.1,215.8,97.8,1738
CP-1206,2025-05-12,Lazada,ผู้เช่าหอพัก/คอนโด (นักศึกษา/คนทำงาน),CoolPure Smart 12000 BTU,10500,4,42000,2,980,ไม่มีบริการ,0,42980,32.3,26.6,229.6,95.0,2236
CP-1207,2025-05-12,Lazada,ผู้เช่าหอพัก/คอนโด (นักศึกษา/คนทำงาน),CoolPure Smart 9000 BTU,8500,3,25500,1,490,บริการล้างแอร์รายปี,500,26490,31.5,38.5,181.0,97.7,4003
CP-1208,2025-05-13,TikTok Shop,ผู้เช่าหอพัก/คอนโด (นักศึกษา/คนทำงาน),CoolPure Smart 9000 BTU,8500,3,25500,1,490,ไม่มีบริการ,0,25990,32.9,27.0,193.5,96.3,5003
CP-1209,2025-05-14,Lazada,ผู้เช่าหอพัก/คอนโด (นักศึกษา/คนทำงาน),CoolPure Smart 9000 BTU,8500,2,17000,4,1960,ไม่มีบริการ,0,18960,32.5,43.3,123.2,93.3,4938
CP-1210,2025-05-14,TikTok Shop,เจ้าของบ้าน/คอนโด (First Jobber),CoolPure Smart 9000 BTU,8500,4,34000,2,980,ไม่มีบริการ,0,34980,32.3,31.3,246.9,93.0,3158
CP-1211,2025-05-14,Lazada,ผู้เช่าหอพัก/คอนโด (นักศึกษา/คนทำงาน),CoolPure Smart 12000 BTU,10500,5,52500,0,0,ไม่มีบริการ,0,52500,28.2,35.8,221.0,93.4,3476
CP-1212,2025-05-14,TikTok Shop,เจ้าของบ้าน/คอนโด (First Jobber),CoolPure Smart 9000 BTU,8500,4,34000,6,2940,ไม่มีบริการ,0,36940,32.1,23.1,261.4,93.0,3686
CP-1213,2025-05-15,Lazada,ผู้เช่าหอพัก/คอนโด (นักศึกษา/คนทำงาน),CoolPure Smart 9000 BTU,8500,2,17000,3,1470,บริการย้ายจุดติดตั้ง,1200,19670,33.4,39.7,85.9,97.9,3761
CP-1214,2025-05-16,Lazada,ผู้เช่าหอพัก/คอนโด (นักศึกษา/คนทำงาน),CoolPure Smart 9000 BTU,8500,1,8500,3,1470,บริการล้างแอร์รายปี,500,10470,32.9,19.7,55.1,93.1,5118
CP-1215,2025-05-17,TikTok Shop,ผู้เช่าหอพัก/คอนโด (นักศึกษา/คนทำงาน),CoolPure Smart 12000 BTU,10500,10,105000,1,490,ไม่มีบริการ,0,105490,30.8,26.1,657.5,99.0,3946
CP-1216,2025-05-18,Shopee,เจ้าของบ้าน/คอนโด (First Jobber),CoolPure Smart 9000 BTU,8500,5,42500,1,490,บริการล้างแอร์รายปี,500,43490,29.6,29.9,240.3,99.4,5212
CP-1217,2025-05-19,TikTok Shop,ผู้เช่าหอพัก/คอนโด (นักศึกษา/คนทำงาน),CoolPure Smart 9000 BTU,8500,4,34000,0,0,ไม่มีบริการ,0,34000,32.1,14.6,248.4,98.0,5195
CP-1218,2025-05-19,Lazada,เจ้าของบ้าน/คอนโด (First Jobber),CoolPure Smart 12000 BTU,10500,4,42000,1,490,บริการล้างแอร์รายปี,500,42990,30.8,25.6,236.7,96.2,4674
CP-1219,2025-05-20,Shopee,เจ้าของบ้าน/คอนโด (First Jobber),CoolPure Smart 12000 BTU,10500,1,10500,1,490,ไม่มีบริการ,0,10990,34.6,32.4,57.7,97.7,3226
CP-1220,2025-05-20,Shopee,ผู้เช่าหอพัก/คอนโด (นักศึกษา/คนทำงาน),CoolPure Smart 12000 BTU,10500,4,42000,3,1470,บริการย้ายจุดติดตั้ง,1200,44670,30.1,49.4,201.9,93.0,4851
CP-1221,2025-05-20,Shopee,ผู้เช่าหอพัก/คอนโด (นักศึกษา/คนทำงาน),CoolPure Smart 9000 BTU,8500,1,8500,1,490,ไม่มีบริการ,0,8990,31.9,22.5,53.1,98.3,4101
CP-1222,2025-05-21,Shopee,ผู้เช่าหอพัก/คอนโด (นักศึกษา/คนทำงาน),CoolPure Smart 9000 BTU,8500,2,17000,3,1470,ไม่มีบริการ,0,18470,31.4,46.2,110.8,98.0,1758
CP-1223,2025-05-23,Lazada,ผู้เช่าหอพัก/คอนโด (นักศึกษา/คนทำงาน),CoolPure Smart 12000 BTU,10500,4,42000,0,0,บริการย้ายจุดติดตั้ง,1200,43200,32.1,14.2,166.2,96.4,3279
CP-1224,2025-05-25,Shopee,ผู้เช่าหอพัก/คอนโด (นักศึกษา/คนทำงาน),CoolPure Smart 9000 BTU,8500,6,51000,2,980,ไม่มีบริการ,0,51980,33.2,31.2,241.9,94.4,2130
CP-1225,2025-05-25,Shopee,ผู้เช่าหอพัก/คอนโด (นักศึกษา/คนทำงาน),CoolPure Smart 9000 BTU,8500,3,25500,4,1960,ไม่มีบริการ,0,27460,32.8,36.8,188.7,98.7,2166
CP-1226,2025-05-26,TikTok Shop,ผู้เช่าหอพัก/คอนโด (นักศึกษา/คนทำงาน),CoolPure Smart 9000 BTU,8500,5,42500,2,980,ไม่มีบริการ,0,43480,32.1,40.0,282.6,93.7,5402
CP-1227,2025-05-27,TikTok Shop,ผู้เช่าหอพัก/คอนโด (นักศึกษา/คนทำงาน),CoolPure Smart 9000 BTU,8500,5,42500,0,0,ไม่มีบริการ,0,42500,34.0,22.6,200.0,93.7,3264
CP-1228,2025-05-28,Shopee,เจ้าของบ้าน/คอนโด (First Jobber),CoolPure Smart 9000 BTU,8500,7,59500,2,980,ไม่มีบริการ,0,60480,33.8,35.6,270.9,95.3,4010
CP-1229,2025-05-28,Direct Partnership (Condo),ผู้เช่าหอพัก/คอนโด (นักศึกษา/คนทำงาน),CoolPure Smart 9000 BTU,8500,1,8500,4,1960,บริการล้างแอร์รายปี,500,10960,28.2,21.5,65.2,93.7,5029
CP-1230,2025-05-28,Shopee,เจ้าของบ้าน/คอนโด (First Jobber),CoolPure Smart 12000 BTU,10500,4,42000,1,490,ไม่มีบริการ,0,42490,34.2,32.4,160.6,98.4,1587
CP-1231,2025-05-28,TikTok Shop,ผู้เช่าหอพัก/คอนโด (นักศึกษา/คนทำงาน),CoolPure Smart 12000 BTU,10500,4,42000,1,490,ไม่มีบริการ,0,42490,34.4,41.8,221.2,92.6,5252
CP-1232,2025-05-28,Lazada,ผู้เช่าหอพัก/คอนโด (นักศึกษา/คนทำงาน),CoolPure Smart 9000 BTU,8500,5,42500,3,1470,ไม่มีบริการ,0,43970,32.2,45.9,333.3,98.7,2230
CP-1233,2025-05-29,Direct Partnership (Condo),เจ้าของบ้าน/คอนโด (First Jobber),CoolPure Smart 12000 BTU,10500,1,10500,3,1470,บริการล้างแอร์รายปี,500,12470,33.4,10.2,59.5,96.8,3944
CP-1234,2025-05-29,Shopee,ผู้เช่าหอพัก/คอนโด (นักศึกษา/คนทำงาน),CoolPure Smart 9000 BTU,8500,3,25500,2,980,ไม่มีบริการ,0,26480,31.2,26.7,183.3,96.7,4143
CP-1235,2025-05-30,TikTok Shop,เจ้าของบ้าน/คอนโด (First Jobber),CoolPure Smart 9000 BTU,8500,4,34000,3,1470,ไม่มีบริการ,0,35470,28.5,22.7,214.1,96.0,4680
CP-1236,2025-05-31,TikTok Shop,ผู้เช่าหอพัก/คอนโด (นักศึกษา/คนทำงาน),CoolPure Smart 9000 BTU,8500,2,17000,1,490,บริการย้ายจุดติดตั้ง,1200,18690,32.0,40.2,117.3,98.8,2650
CP-1237,2025-06-01,Lazada,เจ้าของบ้าน/คอนโด (First Jobber),CoolPure Smart 9000 BTU,8500,4,34000,3,1470,บริการล้างแอร์รายปี,500,35970,31.2,23.3,109.1,98.2,2437
CP-1238,2025-06-05,Shopee,ผู้เช่าหอพัก/คอนโด (นักศึกษา/คนทำงาน),CoolPure Smart 12000 BTU,10500,3,31500,3,1470,ไม่มีบริการ,0,32970,27.0,32.8,133.6,97.6,2708
CP-1239,2025-06-06,TikTok Shop,ผู้เช่าหอพัก/คอนโด (นักศึกษา/คนทำงาน),CoolPure Smart 9000 BTU,8500,4,34000,0,0,ไม่มีบริการ,0,34000,33.3,20.2,125.1,93.5,2014
CP-1240,2025-06-06,Shopee,ผู้เช่าหอพัก/คอนโด (นักศึกษา/คนทำงาน),CoolPure Smart 9000 BTU,8500,1,8500,1,490,บริการย้ายจุดติดตั้ง,1200,10190,28.5,10.7,26.6,92.1,3960
CP-1241,2025-06-06,TikTok Shop,ผู้เช่าหอพัก/คอนโด (นักศึกษา/คนทำงาน),CoolPure Smart 9000 BTU,8500,1,8500,2,980,ไม่มีบริการ,0,9480,31.0,34.2,42.6,94.5,5483
CP-1242,2025-06-08,Lazada,ผู้เช่าหอพัก/คอนโด (นักศึกษา/คนทำงาน),CoolPure Smart 9000 BTU,8500,5,42500,3,1470,ไม่มีบริการ,0,43970,28.6,38.8,208.2,95.5,2454
CP-1243,2025-06-08,TikTok Shop,เจ้าของบ้าน/คอนโด (First Jobber),CoolPure Smart 12000 BTU,10500,2,21000,3,1470,ไม่มีบริการ,0,22470,28.9,10.0,74.9,94.3,1820
CP-1244,2025-06-08,Lazada,เจ้าของบ้าน/คอนโด (First Jobber),CoolPure Smart 9000 BTU,8500,5,42500,1,490,บริการย้ายจุดติดตั้ง,1200,44190,27.0,27.5,129.0,97.6,4944
CP-1245,2025-06-09,Lazada,ผู้เช่าหอพัก/คอนโด (นักศึกษา/คนทำงาน),CoolPure Smart 12000 BTU,10500,4,42000,3,1470,ไม่มีบริการ,0,43470,30.1,32.6,179.9,96.7,4182
CP-1246,2025-06-09,Shopee,เจ้าของบ้าน/คอนโด (First Jobber),CoolPure Smart 12000 BTU,10500,2,21000,1,490,บริการล้างแอร์รายปี,500,21990,30.0,45.1,91.0,95.6,2896
CP-1247,2025-06-09,Lazada,ผู้เช่าหอพัก/คอนโด (นักศึกษา/คนทำงาน),CoolPure Smart 12000 BTU,10500,2,21000,0,0,บริการล้างแอร์รายปี,500,21500,29.9,27.3,95.8,95.8,3650
CP-1248,2025-06-10,Shopee,ผู้เช่าหอพัก/คอนโด (นักศึกษา/คนทำงาน),CoolPure Smart 12000 BTU,10500,2,21000,2,980,บริการย้ายจุดติดตั้ง,1200,23180,27.8,44.2,87.2,99.2,2452
CP-1249,2025-06-10,Shopee,เจ้าของบ้าน/คอนโด (First Jobber),CoolPure Smart 9000 BTU,8500,5,42500,3,1470,บริการย้ายจุดติดตั้ง,1200,45170,28.1,27.2,187.7,96.9,5391
CP-1250,2025-06-10,TikTok Shop,เจ้าของบ้าน/คอนโด (First Jobber),CoolPure Smart 9000 BTU,8500,2,17000,4,1960,ไม่มีบริการ,0,18960,29.8,32.8,86.0,97.4,3355
CP-1251,2025-06-10,Lazada,เจ้าของบ้าน/คอนโด (First Jobber),CoolPure Smart 12000 BTU,10500,1,10500,2,980,ไม่มีบริการ,0,11480,31.9,15.3,27.2,92.1,1659
CP-1252,2025-06-11,Lazada,เจ้าของบ้าน/คอนโด (First Jobber),CoolPure Smart 9000 BTU,8500,3,25500,0,0,ไม่มีบริการ,0,25500,30.5,29.5,110.1,95.8,2434
CP-1253,2025-06-11,Lazada,ผู้เช่าหอพัก/คอนโด (นักศึกษา/คนทำงาน),CoolPure Smart 12000 BTU,10500,4,42000,2,980,ไม่มีบริการ,0,42980,30.0,27.2,109.6,95.4,4625
CP-1254,2025-06-13,TikTok Shop,เจ้าของบ้าน/คอนโด (First Jobber),CoolPure Smart 12000 BTU,10500,3,31500,1,490,บริการล้างแอร์รายปี,500,32490,31.2,35.2,120.4,91.6,4319
CP-1255,2025-06-13,Lazada,เจ้าของบ้าน/คอนโด (First Jobber),CoolPure Smart 12000 BTU,10500,3,31500,0,0,ไม่มีบริการ,0,31500,28.8,46.1,97.5,91.6,4436
CP-1256,2025-06-14,Lazada,ผู้เช่าหอพัก/คอนโด (นักศึกษา/คนทำงาน),CoolPure Smart 12000 BTU,10500,3,31500,0,0,ไม่มีบริการ,0,31500,32.0,30.0,95.5,94.8,5056
CP-1257,2025-06-15,Shopee,เจ้าของบ้าน/คอนโด (First Jobber),CoolPure Smart 12000 BTU,10500,2,21000,4,1960,บริการล้างแอร์รายปี,500,23460,30.7,19.2,86.1,92.3,4269
CP-1258,2025-06-15,Lazada,ผู้เช่าหอพัก/คอนโด (นักศึกษา/คนทำงาน),CoolPure Smart 12000 BTU,10500,3,31500,0,0,บริการย้ายจุดติดตั้ง,1200,32700,32.4,40.7,100.7,98.5,4337
CP-1259,2025-06-15,TikTok Shop,เจ้าของบ้าน/คอนโด (First Jobber),CoolPure Smart 9000 BTU,8500,4,34000,2,980,ไม่มีบริการ,0,34980,31.5,12.0,190.2,98.2,2355
CP-1260,2025-06-16,Lazada,ผู้เช่าหอพัก/คอนโด (นักศึกษา/คนทำงาน),CoolPure Smart 9000 BTU,8500,1,8500,1,490,บริการล้างแอร์รายปี,500,9490,28.5,17.1,32.5,94.8,1708
CP-1261,2025-06-17,Shopee,เจ้าของบ้าน/คอนโด (First Jobber),CoolPure Smart 9000 BTU,8500,5,42500,0,0,บริการล้างแอร์รายปี,500,43000,30.2,29.6,143.9,98.0,2582
CP-1262,2025-06-17,Shopee,เจ้าของบ้าน/คอนโด (First Jobber),CoolPure Smart 12000 BTU,10500,4,42000,4,1960,ไม่มีบริการ,0,43960,28.0,24.9,186.7,95.9,3189
CP-1263,2025-06-18,TikTok Shop,ผู้เช่าหอพัก/คอนโด (นักศึกษา/คนทำงาน),CoolPure Smart 9000 BTU,8500,2,17000,1,490,บริการย้ายจุดติดตั้ง,1200,18690,30.9,32.7,91.6,97.9,2008
CP-1264,2025-06-21,Direct Partnership (Condo),ผู้เช่าหอพัก/คอนโด (นักศึกษา/คนทำงาน),CoolPure Smart 9000 BTU,8500,5,42500,5,2450,ไม่มีบริการ,0,44950,31.4,31.3,183.3,92.3,2156
CP-1265,2025-06-23,TikTok Shop,ผู้เช่าหอพัก/คอนโด (นักศึกษา/คนทำงาน),CoolPure Smart 9000 BTU,8500,5,42500,1,490,ไม่มีบริการ,0,42990,30.1,21.0,187.5,93.1,2857
CP-1266,2025-06-23,Lazada,ผู้เช่าหอพัก/คอนโด (นักศึกษา/คนทำงาน),CoolPure Smart 9000 BTU,8500,3,25500,1,490,บริการย้ายจุดติดตั้ง,1200,27190,31.4,38.5,100.7,92.9,3893
CP-1267,2025-06-24,TikTok Shop,เจ้าของบ้าน/คอนโด (First Jobber),CoolPure Smart 12000 BTU,10500,3,31500,1,490,ไม่มีบริการ,0,31990,29.7,27.9,95.0,92.4,3745
CP-1268,2025-06-24,TikTok Shop,เจ้าของบ้าน/คอนโด (First Jobber),CoolPure Smart 12000 BTU,10500,3,31500,2,980,บริการล้างแอร์รายปี,500,32980,32.2,10.0,106.6,94.6,3544
CP-1269,2025-06-25,Lazada,เจ้าของบ้าน/คอนโด (First Jobber),CoolPure Smart 12000 BTU,10500,1,10500,3,1470,ไม่มีบริการ,0,11970,27.3,11.9,25.4,97.3,2370
CP-1270,2025-06-25,TikTok Shop,เจ้าของบ้าน/คอนโด (First Jobber),CoolPure Smart 9000 BTU,8500,2,17000,3,1470,ไม่มีบริการ,0,18470,28.9,37.8,75.4,95.3,5419
CP-1271,2025-06-25,Shopee,เจ้าของบ้าน/คอนโด (First Jobber),CoolPure Smart 9000 BTU,8500,2,17000,1,490,บริการย้ายจุดติดตั้ง,1200,18690,33.4,26.6,85.6,94.8,4713
CP-1272,2025-06-25,TikTok Shop,เจ้าของบ้าน/คอนโด (First Jobber),CoolPure Smart 9000 BTU,8500,5,42500,2,980,บริการย้ายจุดติดตั้ง,1200,44680,29.3,35.6,209.3,95.8,2258
CP-1273,2025-06-25,Shopee,ผู้เช่าหอพัก/คอนโด (นักศึกษา/คนทำงาน),CoolPure Smart 12000 BTU,10500,2,21000,0,0,บริการล้างแอร์รายปี,500,21500,32.2,18.6,70.7,96.5,4501
CP-1274,2025-06-26,Shopee,เจ้าของบ้าน/คอนโด (First Jobber),CoolPure Smart 9000 BTU,8500,2,17000,4,1960,ไม่มีบริการ,0,18960,29.9,35.4,60.6,98.7,2453
CP-1275,2025-06-26,Lazada,เจ้าของบ้าน/คอนโด (First Jobber),CoolPure Smart 9000 BTU,8500,3,25500,1,490,บริการล้างแอร์รายปี,500,26490,30.8,40.9,98.0,99.0,4628
CP-1276,2025-06-27,Lazada,เจ้าของบ้าน/คอนโด (First Jobber),CoolPure Smart 9000 BTU,8500,3,25500,3,1470,ไม่มีบริการ,0,26970,29.9,41.5,96.0,94.5,1628
CP-1277,2025-06-27,Lazada,เจ้าของบ้าน/คอนโด (First Jobber),CoolPure Smart 9000 BTU,8500,1,8500,3,1470,ไม่มีบริการ,0,9970,32.3,32.9,44.2,91.4,3510
CP-1278,2025-06-27,Lazada,เจ้าของบ้าน/คอนโด (First Jobber),CoolPure Smart 9000 BTU,8500,3,25500,0,0,ไม่มีบริการ,0,25500,28.9,20.2,123.4,94.0,3349
CP-1279,2025-06-28,Lazada,ผู้เช่าหอพัก/คอนโด (นักศึกษา/คนทำงาน),CoolPure Smart 9000 BTU,8500,1,8500,4,1960,บริการล้างแอร์รายปี,500,10960,28.2,48.4,36.7,95.6,4837
CP-1280,2025-06-29,Lazada,เจ้าของบ้าน/คอนโด (First Jobber),CoolPure Smart 12000 BTU,10500,4,42000,0,0,ไม่มีบริการ,0,42000,27.8,31.1,147.6,97.3,2427
CP-1281,2025-06-29,Lazada,ผู้เช่าหอพัก/คอนโด (นักศึกษา/คนทำงาน),CoolPure Smart 9000 BTU,8500,2,17000,3,1470,บริการล้างแอร์รายปี,500,18970,31.8,33.7,50.1,98.0,4727
CP-1282,2025-06-29,Shopee,ผู้เช่าหอพัก/คอนโด (นักศึกษา/คนทำงาน),CoolPure Smart 12000 BTU,10500,2,21000,3,1470,บริการล้างแอร์รายปี,500,22970,32.9,34.3,85.5,97.7,4961
CP-1283,2025-06-30,TikTok Shop,ผู้เช่าหอพัก/คอนโด (นักศึกษา/คนทำงาน),CoolPure Smart 12000 BTU,10500,5,52500,4,1960,ไม่มีบริการ,0,54460,30.0,23.6,207.7,94.1,3836
CP-1284,2025-06-30,TikTok Shop,เจ้าของบ้าน/คอนโด (First Jobber),CoolPure Smart 9000 BTU,8500,1,8500,0,0,บริการล้างแอร์รายปี,500,9000,33.0,18.2,28.0,91.1,1799
CP-1285,2025-07-01,Lazada,เจ้าของบ้าน/คอนโด (First Jobber),CoolPure Smart 12000 BTU,10500,1,10500,1,490,ไม่มีบริการ,0,10990,29.2,20.7,43.7,93.4,4069
CP-1286,2025-07-01,Lazada,เจ้าของบ้าน/คอนโด (First Jobber),CoolPure Smart 12000 BTU,10500,1,10500,0,0,บริการล้างแอร์รายปี,500,11000,29.4,24.5,44.6,96.1,4831
CP-1287,2025-07-03,Lazada,ผู้เช่าหอพัก/คอนโด (นักศึกษา/คนทำงาน),CoolPure Smart 12000 BTU,10500,2,21000,2,980,บริการล้างแอร์รายปี,500,22480,29.6,38.1,88.1,91.7,4835
CP-1288,2025-07-03,Lazada,ผู้เช่าหอพัก/คอนโด (นักศึกษา/คนทำงาน),CoolPure Smart 9000 BTU,8500,3,25500,2,980,ไม่มีบริการ,0,26480,28.5,37.3,123.4,91.9,3014
CP-1289,2025-07-03,Shopee,เจ้าของบ้าน/คอนโด (First Jobber),CoolPure Smart 9000 BTU,8500,3,25500,5,2450,ไม่มีบริการ,0,27950,30.2,30.6,94.2,97.9,2574
CP-1290,2025-07-03,Direct Partnership (Condo),ผู้เช่าหอพัก/คอนโด (นักศึกษา/คนทำงาน),CoolPure Smart 12000 BTU,10500,3,31500,0,0,ไม่มีบริการ,0,31500,29.7,34.0,143.7,97.8,3279
CP-1291,2025-07-04,Direct Partnership (Condo),เจ้าของบ้าน/คอนโด (First Jobber),CoolPure Smart 12000 BTU,10500,4,42000,2,980,บริการล้างแอร์รายปี,500,43480,30.0,28.7,149.7,92.3,3840
CP-1292,2025-07-04,TikTok Shop,เจ้าของบ้าน/คอนโด (First Jobber),CoolPure Smart 9000 BTU,8500,2,17000,0,0,ไม่มีบริการ,0,17000,30.1,23.6,83.9,99.1,3311
CP-1293,2025-07-04,Lazada,เจ้าของบ้าน/คอนโด (First Jobber),CoolPure Smart 12000 BTU,10500,3,31500,2,980,ไม่มีบริการ,0,32480,33.5,37.2,83.8,94.9,4502
CP-1294,2025-07-06,Lazada,เจ้าของบ้าน/คอนโด (First Jobber),CoolPure Smart 9000 BTU,8500,2,17000,1,490,บริการล้างแอร์รายปี,500,17990,29.6,36.9,53.5,93.1,2365
CP-1295,2025-07-06,TikTok Shop,เจ้าของบ้าน/คอนโด (First Jobber),CoolPure Smart 9000 BTU,8500,5,42500,2,980,บริการล้างแอร์รายปี,500,43980,30.4,38.3,211.2,92.9,4321
CP-1296,2025-07-06,Lazada,เจ้าของบ้าน/คอนโด (First Jobber),CoolPure Smart 9000 BTU,8500,2,17000,3,1470,บริการล้างแอร์รายปี,500,18970,30.9,41.1,94.2,95.1,1810
CP-1297,2025-07-07,Shopee,ผู้เช่าหอพัก/คอนโด (นักศึกษา/คนทำงาน),CoolPure Smart 9000 BTU,8500,2,17000,3,1470,ไม่มีบริการ,0,18470,30.6,25.7,65.5,91.1,3081
CP-1298,2025-07-08,Lazada,ผู้เช่าหอพัก/คอนโด (นักศึกษา/คนทำงาน),CoolPure Smart 9000 BTU,8500,2,17000,1,490,ไม่มีบริการ,0,17490,34.1,15.9,57.0,94.6,1571
CP-1299,2025-07-08,Lazada,ผู้เช่าหอพัก/คอนโด (นักศึกษา/คนทำงาน),CoolPure Smart 9000 BTU,8500,3,25500,2,980,ไม่มีบริการ,0,26480,28.6,36.1,143.9,97.7,1555
CP-1300,2025-07-08,Lazada,ผู้เช่าหอพัก/คอนโด (นักศึกษา/คนทำงาน),CoolPure Smart 9000 BTU,8500,3,25500,1,490,บริการย้ายจุดติดตั้ง,1200,27190,28.0,37.5,132.5,97.7,3327
CP-1301,2025-07-08,TikTok Shop,เจ้าของบ้าน/คอนโด (First Jobber),CoolPure Smart 12000 BTU,10500,3,31500,0,0,บริการล้างแอร์รายปี,500,32000,28.1,42.0,91.5,99.5,5443
CP-1302,2025-07-09,Lazada,เจ้าของบ้าน/คอนโด (First Jobber),CoolPure Smart 12000 BTU,10500,2,21000,6,2940,บริการย้ายจุดติดตั้ง,1200,25140,28.9,26.3,91.5,94.4,4241
CP-1303,2025-07-09,Lazada,เจ้าของบ้าน/คอนโด (First Jobber),CoolPure Smart 12000 BTU,10500,3,31500,0,0,ไม่มีบริการ,0,31500,29.8,28.1,92.4,91.3,4384
CP-1304,2025-07-09,Shopee,เจ้าของบ้าน/คอนโด (First Jobber),CoolPure Smart 12000 BTU,10500,1,10500,2,980,ไม่มีบริการ,0,11480,31.3,43.1,39.0,95.9,5411
CP-1305,2025-07-11,Shopee,เจ้าของบ้าน/คอนโด (First Jobber),CoolPure Smart 12000 BTU,10500,2,21000,1,490,ไม่มีบริการ,0,21490,31.7,25.0,59.2,95.1,3623
CP-1306,2025-07-14,Direct Partnership (Condo),เจ้าของบ้าน/คอนโด (First Jobber),CoolPure Smart 12000 BTU,10500,3,31500,5,2450,ไม่มีบริการ,0,33950,31.2,25.9,115.2,95.1,2585
CP-1307,2025-07-16,TikTok Shop,ผู้เช่าหอพัก/คอนโด (นักศึกษา/คนทำงาน),CoolPure Smart 9000 BTU,8500,1,8500,5,2450,ไม่มีบริการ,0,10950,30.4,36.9,26.7,96.5,2848
CP-1308,2025-07-16,Shopee,เจ้าของบ้าน/คอนโด (First Jobber),CoolPure Smart 9000 BTU,8500,3,25500,1,490,ไม่มีบริการ,0,25990,27.0,36.0,86.5,93.2,4987
CP-1309,2025-07-16,Shopee,เจ้าของบ้าน/คอนโด (First Jobber),CoolPure Smart 9000 BTU,8500,3,25500,2,980,บริการล้างแอร์รายปี,500,26980,32.7,36.3,95.2,96.3,2010
CP-1310,2025-07-18,TikTok Shop,ผู้เช่าหอพัก/คอนโด (นักศึกษา/คนทำงาน),CoolPure Smart 12000 BTU,10500,2,21000,0,0,ไม่มีบริการ,0,21000,28.5,61.2,68.1,97.3,1680
CP-1311,2025-07-18,Direct Partnership (Condo),ผู้เช่าหอพัก/คอนโด (นักศึกษา/คนทำงาน),CoolPure Smart 9000 BTU,8500,3,25500,2,980,บริการล้างแอร์รายปี,500,26980,28.8,20.9,107.3,96.6,2497
CP-1312,2025-07-19,TikTok Shop,ผู้เช่าหอพัก/คอนโด (นักศึกษา/คนทำงาน),CoolPure Smart 9000 BTU,8500,4,34000,2,980,บริการล้างแอร์รายปี,500,35480,28.1,29.9,125.9,93.1,4172
CP-1313,2025-07-19,Lazada,เจ้าของบ้าน/คอนโด (First Jobber),CoolPure Smart 12000 BTU,10500,2,21000,2,980,ไม่มีบริการ,0,21980,30.1,28.8,92.7,91.3,2264
CP-1314,2025-07-19,Lazada,เจ้าของบ้าน/คอนโด (First Jobber),CoolPure Smart 9000 BTU,8500,5,42500,2,980,บริการล้างแอร์รายปี,500,43980,30.2,33.2,223.0,99.3,3622
CP-1315,2025-07-21,Shopee,ผู้เช่าหอพัก/คอนโด (นักศึกษา/คนทำงาน),CoolPure Smart 9000 BTU,8500,3,25500,3,1470,ไม่มีบริการ,0,26970,31.1,37.2,104.1,93.4,4731
CP-1316,2025-07-21,Lazada,ผู้เช่าหอพัก/คอนโด (นักศึกษา/คนทำงาน),CoolPure Smart 9000 BTU,8500,1,8500,4,1960,บริการย้ายจุดติดตั้ง,1200,11660,29.8,39.3,38.1,94.4,2547
CP-1317,2025-07-22,Shopee,เจ้าของบ้าน/คอนโด (First Jobber),CoolPure Smart 12000 BTU,10500,2,21000,1,490,บริการล้างแอร์รายปี,500,21990,32.5,24.8,53.8,91.7,1579
CP-1318,2025-07-23,Lazada,เจ้าของบ้าน/คอนโด (First Jobber),CoolPure Smart 12000 BTU,10500,1,10500,2,980,บริการล้างแอร์รายปี,500,11980,32.4,16.3,37.3,94.8,3314
CP-1319,2025-07-23,Shopee,เจ้าของบ้าน/คอนโด (First Jobber),CoolPure Smart 9000 BTU,8500,2,17000,4,1960,บริการล้างแอร์รายปี,500,19460,30.5,20.6,83.8,96.5,1921
CP-1320,2025-07-23,Shopee,ผู้เช่าหอพัก/คอนโด (นักศึกษา/คนทำงาน),CoolPure Smart 12000 BTU,10500,4,42000,4,1960,ไม่มีบริการ,0,43960,27.9,38.2,176.0,95.5,2670
CP-1321,2025-07-23,Direct Partnership (Condo),เจ้าของบ้าน/คอนโด (First Jobber),CoolPure Smart 9000 BTU,8500,1,8500,2,980,ไม่มีบริการ,0,9480,27.7,45.8,30.1,98.7,4341
CP-1322,2025-07-23,Shopee,ผู้เช่าหอพัก/คอนโด (นักศึกษา/คนทำงาน),CoolPure Smart 9000 BTU,8500,3,25500,1,490,ไม่มีบริการ,0,25990,25.9,29.4,136.9,92.0,2125
CP-1323,2025-07-25,Lazada,ผู้เช่าหอพัก/คอนโด (นักศึกษา/คนทำงาน),CoolPure Smart 12000 BTU,10500,6,63000,2,980,บริการย้ายจุดติดตั้ง,1200,65180,28.2,39.6,188.7,97.6,2099
CP-1324,2025-07-25,TikTok Shop,ผู้เช่าหอพัก/คอนโด (นักศึกษา/คนทำงาน),CoolPure Smart 12000 BTU,10500,1,10500,4,1960,บริการล้างแอร์รายปี,500,12960,28.2,10.3,44.1,97.5,5489
CP-1325,2025-07-26,Lazada,เจ้าของบ้าน/คอนโด (First Jobber),CoolPure Smart 12000 BTU,10500,1,10500,0,0,บริการล้างแอร์รายปี,500,11000,29.4,55.4,25.8,95.9,4916
CP-1326,2025-07-27,Shopee,ผู้เช่าหอพัก/คอนโด (นักศึกษา/คนทำงาน),CoolPure Smart 12000 BTU,10500,1,10500,1,490,บริการล้างแอร์รายปี,500,11490,30.0,28.7,41.2,97.6,5450
CP-1327,2025-07-27,Lazada,ผู้เช่าหอพัก/คอนโด (นักศึกษา/คนทำงาน),CoolPure Smart 12000 BTU,10500,6,63000,1,490,บริการย้ายจุดติดตั้ง,1200,64690,30.6,23.4,253.4,95.7,3655
CP-1328,2025-07-28,TikTok Shop,ผู้เช่าหอพัก/คอนโด (นักศึกษา/คนทำงาน),CoolPure Smart 9000 BTU,8500,1,8500,1,490,บริการล้างแอร์รายปี,500,9490,29.4,23.9,27.2,91.9,2595
CP-1329,2025-07-29,Lazada,ผู้เช่าหอพัก/คอนโด (นักศึกษา/คนทำงาน),CoolPure Smart 9000 BTU,8500,1,8500,1,490,ไม่มีบริการ,0,8990,26.3,35.9,41.6,92.5,2282
CP-1330,2025-07-29,Shopee,เจ้าของบ้าน/คอนโด (First Jobber),CoolPure Smart 12000 BTU,10500,2,21000,1,490,ไม่มีบริการ,0,21490,30.8,12.6,90.0,93.9,3652
CP-1331,2025-07-30,Lazada,ผู้เช่าหอพัก/คอนโด (นักศึกษา/คนทำงาน),CoolPure Smart 12000 BTU,10500,3,31500,2,980,บริการล้างแอร์รายปี,500,32980,32.5,16.1,89.3,98.1,2915
CP-1332,2025-07-31,Shopee,เจ้าของบ้าน/คอนโด (First Jobber),CoolPure Smart 12000 BTU,10500,4,42000,4,1960,บริการล้างแอร์รายปี,500,44460,29.8,35.1,150.6,94.6,2745
CP-1333,2025-07-31,Lazada,เจ้าของบ้าน/คอนโด (First Jobber),CoolPure Smart 9000 BTU,8500,5,42500,0,0,บริการล้างแอร์รายปี,500,43000,28.9,31.5,217.2,93.3,1824
CP-1334,2025-07-31,Shopee,ผู้เช่าหอพัก/คอนโด (นักศึกษา/คนทำงาน),CoolPure Smart 9000 BTU,8500,1,8500,1,490,ไม่มีบริการ,0,8990,25.8,29.4,32.8,92.0,2369
CP-1335,2025-07-31,Lazada,ผู้เช่าหอพัก/คอนโด (นักศึกษา/คนทำงาน),CoolPure Smart 12000 BTU,10500,2,21000,2,980,ไม่มีบริการ,0,21980,33.1,14.7,59.2,95.6,3131
CP-1336,2025-08-01,Shopee,ผู้เช่าหอพัก/คอนโด (นักศึกษา/คนทำงาน),CoolPure Smart 12000 BTU,10500,5,52500,0,0,บริการย้ายจุดติดตั้ง,1200,53700,29.0,43.1,195.1,95.4,3674
CP-1337,2025-08-01,Lazada,เจ้าของบ้าน/คอนโด (First Jobber),CoolPure Smart 9000 BTU,8500,4,34000,2,980,ไม่มีบริการ,0,34980,31.5,37.1,161.7,93.7,4128
CP-1338,2025-08-01,Shopee,เจ้าของบ้าน/คอนโด (First Jobber),CoolPure Smart 12000 BTU,10500,2,21000,3,1470,บริการล้างแอร์รายปี,500,22970,28.3,43.7,90.8,99.5,2440
CP-1339,2025-08-01,Shopee,ผู้เช่าหอพัก/คอนโด (นักศึกษา/คนทำงาน),CoolPure Smart 12000 BTU,10500,4,42000,4,1960,ไม่มีบริการ,0,43960,28.8,27.8,113.2,91.6,5189
CP-1340,2025-08-01,Shopee,เจ้าของบ้าน/คอนโด (First Jobber),CoolPure Smart 9000 BTU,8500,2,17000,0,0,บริการล้างแอร์รายปี,500,17500,28.0,26.5,89.9,93.5,3485
CP-1341,2025-08-02,Direct Partnership (Condo),ผู้เช่าหอพัก/คอนโด (นักศึกษา/คนทำงาน),CoolPure Smart 12000 BTU,10500,1,10500,1,490,ไม่มีบริการ,0,10990,28.5,29.9,37.1,93.5,3304
CP-1342,2025-08-02,Lazada,เจ้าของบ้าน/คอนโด (First Jobber),CoolPure Smart 9000 BTU,8500,1,8500,3,1470,บริการล้างแอร์รายปี,500,10470,29.4,37.7,41.4,93.1,3561
CP-1343,2025-08-04,Lazada,ผู้เช่าหอพัก/คอนโด (นักศึกษา/คนทำงาน),CoolPure Smart 12000 BTU,10500,1,10500,3,1470,ไม่มีบริการ,0,11970,27.9,25.5,40.0,92.5,2888
CP-1344,2025-08-05,TikTok Shop,ผู้เช่าหอพัก/คอนโด (นักศึกษา/คนทำงาน),CoolPure Smart 12000 BTU,10500,2,21000,2,980,ไม่มีบริการ,0,21980,34.3,25.7,62.4,99.1,2327
CP-1345,2025-08-05,Lazada,เจ้าของบ้าน/คอนโด (First Jobber),CoolPure Smart 12000 BTU,10500,1,10500,1,490,บริการย้ายจุดติดตั้ง,1200,12190,29.5,33.4,26.2,97.9,4639
CP-1346,2025-08-05,Lazada,เจ้าของบ้าน/คอนโด (First Jobber),CoolPure Smart 12000 BTU,10500,3,31500,0,0,บริการล้างแอร์รายปี,500,32000,32.0,27.7,102.3,97.4,5130
CP-1347,2025-08-05,TikTok Shop,ผู้เช่าหอพัก/คอนโด (นักศึกษา/คนทำงาน),CoolPure Smart 9000 BTU,8500,3,25500,2,980,บริการล้างแอร์รายปี,500,26980,32.3,36.5,121.7,97.6,5045
CP-1348,2025-08-05,Shopee,ผู้เช่าหอพัก/คอนโด (นักศึกษา/คนทำงาน),CoolPure Smart 9000 BTU,8500,1,8500,3,1470,ไม่มีบริการ,0,9970,28.1,14.3,28.5,97.1,4283
CP-1349,2025-08-07,TikTok Shop,ผู้เช่าหอพัก/คอนโด (นักศึกษา/คนทำงาน),CoolPure Smart 9000 BTU,8500,1,8500,1,490,ไม่มีบริการ,0,8990,31.7,40.1,47.0,97.0,5485
CP-1350,2025-08-07,Lazada,ผู้เช่าหอพัก/คอนโด (นักศึกษา/คนทำงาน),CoolPure Smart 9000 BTU,8500,1,8500,4,1960,ไม่มีบริการ,0,10460,30.9,26.0,42.7,96.6,3538
CP-1351,2025-08-09,Lazada,ผู้เช่าหอพัก/คอนโด (นักศึกษา/คนทำงาน),CoolPure Smart 9000 BTU,8500,1,8500,1,490,บริการล้างแอร์รายปี,500,9490,29.1,42.3,31.8,99.4,1612
CP-1352,2025-08-09,Shopee,เจ้าของบ้าน/คอนโด (First Jobber),CoolPure Smart 9000 BTU,8500,1,8500,5,2450,ไม่มีบริการ,0,10950,31.8,33.0,44.8,98.9,3328
CP-1353,2025-08-12,Lazada,เจ้าของบ้าน/คอนโด (First Jobber),CoolPure Smart 9000 BTU,8500,3,25500,2,980,ไม่มีบริการ,0,26480,29.3,36.1,142.0,98.9,4580
CP-1354,2025-08-12,Lazada,เจ้าของบ้าน/คอนโด (First Jobber),CoolPure Smart 9000 BTU,8500,3,25500,2,980,ไม่มีบริการ,0,26480,32.4,29.5,77.3,95.3,2111
CP-1355,2025-08-13,Direct Partnership (Condo),ผู้เช่าหอพัก/คอนโด (นักศึกษา/คนทำงาน),CoolPure Smart 9000 BTU,8500,2,17000,2,980,ไม่มีบริการ,0,17980,28.4,36.5,55.3,94.1,3593
CP-1356,2025-08-13,Shopee,เจ้าของบ้าน/คอนโด (First Jobber),CoolPure Smart 12000 BTU,10500,1,10500,2,980,ไม่มีบริการ,0,11480,33.0,10.0,38.0,97.3,4444
CP-1357,2025-08-14,Shopee,ผู้เช่าหอพัก/คอนโด (นักศึกษา/คนทำงาน),CoolPure Smart 12000 BTU,10500,3,31500,0,0,ไม่มีบริการ,0,31500,32.1,33.0,111.0,99.7,2215
CP-1358,2025-08-14,Direct Partnership (Condo),ผู้เช่าหอพัก/คอนโด (นักศึกษา/คนทำงาน),CoolPure Smart 9000 BTU,8500,1,8500,1,490,ไม่มีบริการ,0,8990,29.1,17.6,44.1,91.3,3491
CP-1359,2025-08-15,Shopee,ผู้เช่าหอพัก/คอนโด (นักศึกษา/คนทำงาน),CoolPure Smart 12000 BTU,10500,1,10500,0,0,ไม่มีบริการ,0,10500,27.6,34.9,33.4,94.3,1688
CP-1360,2025-08-15,Shopee,ผู้เช่าหอพัก/คอนโด (นักศึกษา/คนทำงาน),CoolPure Smart 12000 BTU,10500,2,21000,1,490,บริการย้ายจุดติดตั้ง,1200,22690,27.1,27.3,80.1,97.8,2826
CP-1361,2025-08-16,Shopee,ผู้เช่าหอพัก/คอนโด (นักศึกษา/คนทำงาน),CoolPure Smart 9000 BTU,8500,5,42500,2,980,บริการล้างแอร์รายปี,500,43980,29.6,43.9,204.7,91.5,1731
CP-1362,2025-08-16,TikTok Shop,เจ้าของบ้าน/คอนโด (First Jobber),CoolPure Smart 9000 BTU,8500,7,59500,0,0,บริการล้างแอร์รายปี,500,60000,30.4,37.6,300.0,91.9,3441
CP-1363,2025-08-17,Lazada,เจ้าของบ้าน/คอนโด (First Jobber),CoolPure Smart 9000 BTU,8500,3,25500,3,1470,บริการล้างแอร์รายปี,500,27470,27.6,23.8,123.8,97.5,2391
CP-1364,2025-08-17,Shopee,เจ้าของบ้าน/คอนโด (First Jobber),CoolPure Smart 9000 BTU,8500,2,17000,2,980,ไม่มีบริการ,0,17980,33.6,40.8,91.3,91.8,5401
CP-1365,2025-08-17,Lazada,ผู้เช่าหอพัก/คอนโด (นักศึกษา/คนทำงาน),CoolPure Smart 9000 BTU,8500,1,8500,1,490,บริการล้างแอร์รายปี,500,9490,30.4,23.8,30.0,92.1,3882
CP-1366,2025-08-17,Shopee,ผู้เช่าหอพัก/คอนโด (นักศึกษา/คนทำงาน),CoolPure Smart 9000 BTU,8500,4,34000,3,1470,บริการล้างแอร์รายปี,500,35970,33.5,41.6,175.0,98.8,2492
CP-1367,2025-08-17,Direct Partnership (Condo),ผู้เช่าหอพัก/คอนโด (นักศึกษา/คนทำงาน),CoolPure Smart 12000 BTU,10500,2,21000,2,980,บริการย้ายจุดติดตั้ง,1200,23180,30.0,37.8,54.8,94.6,5059
CP-1368,2025-08-18,Lazada,ผู้เช่าหอพัก/คอนโด (นักศึกษา/คนทำงาน),CoolPure Smart 12000 BTU,10500,3,31500,2,980,ไม่มีบริการ,0,32480,27.5,36.5,118.2,96.9,3588
CP-1369,2025-08-18,Direct Partnership (Condo),เจ้าของบ้าน/คอนโด (First Jobber),CoolPure Smart 12000 BTU,10500,4,42000,0,0,ไม่มีบริการ,0,42000,31.1,27.8,177.9,91.4,4511
CP-1370,2025-08-19,Shopee,ผู้เช่าหอพัก/คอนโด (นักศึกษา/คนทำงาน),CoolPure Smart 9000 BTU,8500,1,8500,5,2450,บริการล้างแอร์รายปี,500,11450,29.9,31.1,26.8,93.8,4330
CP-1371,2025-08-19,TikTok Shop,เจ้าของบ้าน/คอนโด (First Jobber),CoolPure Smart 12000 BTU,10500,1,10500,1,490,บริการย้ายจุดติดตั้ง,1200,12190,29.7,49.3,29.1,95.1,2163
CP-1372,2025-08-19,Shopee,เจ้าของบ้าน/คอนโด (First Jobber),CoolPure Smart 9000 BTU,8500,3,25500,3,1470,บริการล้างแอร์รายปี,500,27470,31.6,39.6,142.3,97.5,1517
CP-1373,2025-08-20,Shopee,เจ้าของบ้าน/คอนโด (First Jobber),CoolPure Smart 9000 BTU,8500,4,34000,3,1470,ไม่มีบริการ,0,35470,31.5,29.4,136.3,92.2,3376
CP-1374,2025-08-20,Direct Partnership (Condo),เจ้าของบ้าน/คอนโด (First Jobber),CoolPure Smart 9000 BTU,8500,6,51000,3,1470,ไม่มีบริการ,0,52470,31.3,36.8,192.7,91.4,2401
CP-1375,2025-08-20,Lazada,ผู้เช่าหอพัก/คอนโด (นักศึกษา/คนทำงาน),CoolPure Smart 12000 BTU,10500,1,10500,2,980,ไม่มีบริการ,0,11480,27.6,32.4,39.3,95.0,4985
CP-1376,2025-08-21,Lazada,ผู้เช่าหอพัก/คอนโด (นักศึกษา/คนทำงาน),CoolPure Smart 9000 BTU,8500,5,42500,1,490,บริการล้างแอร์รายปี,500,43490,25.9,31.8,221.3,99.7,4533
CP-1377,2025-08-21,Lazada,เจ้าของบ้าน/คอนโด (First Jobber),CoolPure Smart 9000 BTU,8500,5,42500,0,0,ไม่มีบริการ,0,42500,34.2,23.9,126.3,94.6,4418
CP-1378,2025-08-22,Lazada,ผู้เช่าหอพัก/คอนโด (นักศึกษา/คนทำงาน),CoolPure Smart 9000 BTU,8500,2,17000,1,490,ไม่มีบริการ,0,17490,30.5,52.9,73.9,91.3,3555
CP-1379,2025-08-22,Shopee,ผู้เช่าหอพัก/คอนโด (นักศึกษา/คนทำงาน),CoolPure Smart 9000 BTU,8500,6,51000,6,2940,ไม่มีบริการ,0,53940,31.3,35.4,198.1,96.0,1916
CP-1380,2025-08-22,Shopee,ผู้เช่าหอพัก/คอนโด (นักศึกษา/คนทำงาน),CoolPure Smart 9000 BTU,8500,4,34000,2,980,ไม่มีบริการ,0,34980,34.3,35.3,161.5,92.4,3791
CP-1381,2025-08-23,TikTok Shop,ผู้เช่าหอพัก/คอนโด (นักศึกษา/คนทำงาน),CoolPure Smart 12000 BTU,10500,2,21000,2,980,บริการล้างแอร์รายปี,500,22480,29.5,33.0,84.4,97.7,1949
CP-1382,2025-08-24,TikTok Shop,เจ้าของบ้าน/คอนโด (First Jobber),CoolPure Smart 9000 BTU,8500,3,25500,1,490,ไม่มีบริการ,0,25990,27.8,21.0,133.1,93.0,4727
CP-1383,2025-08-24,TikTok Shop,เจ้าของบ้าน/คอนโด (First Jobber),CoolPure Smart 12000 BTU,10500,2,21000,5,2450,ไม่มีบริการ,0,23450,29.4,49.7,89.1,93.1,1993
CP-1384,2025-08-24,Shopee,ผู้เช่าหอพัก/คอนโด (นักศึกษา/คนทำงาน),CoolPure Smart 12000 BTU,10500,4,42000,1,490,ไม่มีบริการ,0,42490,29.3,26.6,119.1,95.4,3610
CP-1385,2025-08-26,Shopee,ผู้เช่าหอพัก/คอนโด (นักศึกษา/คนทำงาน),CoolPure Smart 9000 BTU,8500,3,25500,1,490,บริการย้ายจุดติดตั้ง,1200,27190,30.8,40.6,86.5,97.5,3111
CP-1386,2025-08-27,Shopee,ผู้เช่าหอพัก/คอนโด (นักศึกษา/คนทำงาน),CoolPure Smart 9000 BTU,8500,1,8500,2,980,บริการล้างแอร์รายปี,500,9980,31.0,16.1,25.7,93.1,1808
CP-1387,2025-08-27,TikTok Shop,เจ้าของบ้าน/คอนโด (First Jobber),CoolPure Smart 9000 BTU,8500,1,8500,1,490,บริการล้างแอร์รายปี,500,9490,32.0,52.8,41.9,99.6,2045
CP-1388,2025-08-27,Direct Partnership (Condo),ผู้เช่าหอพัก/คอนโด (นักศึกษา/คนทำงาน),CoolPure Smart 9000 BTU,8500,3,25500,1,490,บริการย้ายจุดติดตั้ง,1200,27190,29.6,44.9,124.6,99.5,3732
CP-1389,2025-08-27,TikTok Shop,ผู้เช่าหอพัก/คอนโด (นักศึกษา/คนทำงาน),CoolPure Smart 9000 BTU,8500,5,42500,4,1960,ไม่มีบริการ,0,44460,27.7,24.3,171.4,95.4,4751
CP-1390,2025-08-30,Lazada,เจ้าของบ้าน/คอนโด (First Jobber),CoolPure Smart 9000 BTU,8500,2,17000,3,1470,ไม่มีบริการ,0,18470,29.8,29.1,63.1,95.8,2951
CP-1391,2025-08-30,TikTok Shop,เจ้าของบ้าน/คอนโด (First Jobber),CoolPure Smart 12000 BTU,10500,3,31500,1,490,บริการล้างแอร์รายปี,500,32490,29.2,22.5,129.5,95.5,4443
CP-1392,2025-08-31,Shopee,เจ้าของบ้าน/คอนโด (First Jobber),CoolPure Smart 12000 BTU,10500,1,10500,3,1470,ไม่มีบริการ,0,11970,32.2,30.1,28.5,96.5,3662
CP-1393,2025-08-31,Direct Partnership (Condo),ผู้เช่าหอพัก/คอนโด (นักศึกษา/คนทำงาน),CoolPure Smart 9000 BTU,8500,2,17000,3,1470,ไม่มีบริการ,0,18470,27.4,23.3,80.2,98.2,3581
CP-1394,2025-08-31,Shopee,เจ้าของบ้าน/คอนโด (First Jobber),CoolPure Smart 9000 BTU,8500,4,34000,1,490,ไม่มีบริการ,0,34490,28.4,10.0,132.4,95.8,4907
CP-1395,2025-09-01,Shopee,ผู้เช่าหอพัก/คอนโด (นักศึกษา/คนทำงาน),CoolPure Smart 9000 BTU,8500,2,17000,2,980,ไม่มีบริการ,0,17980,30.3,30.9,51.1,91.6,1567
CP-1396,2025-09-02,Lazada,เจ้าของบ้าน/คอนโด (First Jobber),CoolPure Smart 9000 BTU,8500,2,17000,0,0,บริการย้ายจุดติดตั้ง,1200,18200,30.8,32.7,56.3,98.8,3699
CP-1397,2025-09-03,Shopee,ผู้เช่าหอพัก/คอนโด (นักศึกษา/คนทำงาน),CoolPure Smart 12000 BTU,10500,5,52500,2,980,ไม่มีบริการ,0,53480,28.0,27.2,163.8,98.4,2993
CP-1398,2025-09-04,Direct Partnership (Condo),ผู้เช่าหอพัก/คอนโด (นักศึกษา/คนทำงาน),CoolPure Smart 9000 BTU,8500,2,17000,2,980,ไม่มีบริการ,0,17980,30.4,33.8,91.3,99.8,1920
CP-1399,2025-09-05,TikTok Shop,ผู้เช่าหอพัก/คอนโด (นักศึกษา/คนทำงาน),CoolPure Smart 9000 BTU,8500,4,34000,2,980,บริการย้ายจุดติดตั้ง,1200,36180,30.8,29.4,183.8,91.1,2282
CP-1400,2025-09-05,Lazada,เจ้าของบ้าน/คอนโด (First Jobber),CoolPure Smart 9000 BTU,8500,4,34000,0,0,บริการล้างแอร์รายปี,500,34500,27.0,31.8,131.5,97.9,2264
CP-1401,2025-09-06,Shopee,เจ้าของบ้าน/คอนโด (First Jobber),CoolPure Smart 12000 BTU,10500,1,10500,4,1960,ไม่มีบริการ,0,12460,28.9,27.9,34.9,94.8,1652
CP-1402,2025-09-06,TikTok Shop,ผู้เช่าหอพัก/คอนโด (นักศึกษา/คนทำงาน),CoolPure Smart 9000 BTU,8500,3,25500,1,490,บริการล้างแอร์รายปี,500,26490,31.2,52.3,85.5,99.2,2033
CP-1403,2025-09-07,Shopee,ผู้เช่าหอพัก/คอนโด (นักศึกษา/คนทำงาน),CoolPure Smart 12000 BTU,10500,1,10500,1,490,บริการล้างแอร์รายปี,500,11490,30.6,30.6,43.1,91.6,4913
CP-1404,2025-09-07,Lazada,ผู้เช่าหอพัก/คอนโด (นักศึกษา/คนทำงาน),CoolPure Smart 9000 BTU,8500,3,25500,1,490,ไม่มีบริการ,0,25990,32.4,39.5,77.6,99.4,4602
CP-1405,2025-09-08,Lazada,ผู้เช่าหอพัก/คอนโด (นักศึกษา/คนทำงาน),CoolPure Smart 9000 BTU,8500,1,8500,1,490,ไม่มีบริการ,0,8990,31.2,28.7,34.9,99.6,3852
CP-1406,2025-09-08,Lazada,ผู้เช่าหอพัก/คอนโด (นักศึกษา/คนทำงาน),CoolPure Smart 9000 BTU,8500,3,25500,1,490,บริการล้างแอร์รายปี,500,26490,30.0,27.4,123.1,92.3,5315
CP-1407,2025-09-08,Direct Partnership (Condo),เจ้าของบ้าน/คอนโด (First Jobber),CoolPure Smart 9000 BTU,8500,4,34000,3,1470,บริการล้างแอร์รายปี,500,35970,29.2,40.4,125.4,97.1,2816
CP-1408,2025-09-09,Shopee,ผู้เช่าหอพัก/คอนโด (นักศึกษา/คนทำงาน),CoolPure Smart 12000 BTU,10500,7,73500,2,980,ไม่มีบริการ,0,74480,27.9,37.0,299.1,98.3,3958
CP-1409,2025-09-11,Shopee,เจ้าของบ้าน/คอนโด (First Jobber),CoolPure Smart 9000 BTU,8500,3,25500,3,1470,ไม่มีบริการ,0,26970,28.5,42.5,107.7,92.1,2720
CP-1410,2025-09-11,Shopee,เจ้าของบ้าน/คอนโด (First Jobber),CoolPure Smart 12000 BTU,10500,1,10500,0,0,ไม่มีบริการ,0,10500,31.2,17.9,25.7,92.9,4892
CP-1411,2025-09-12,Lazada,ผู้เช่าหอพัก/คอนโด (นักศึกษา/คนทำงาน),CoolPure Smart 12000 BTU,10500,1,10500,0,0,บริการย้ายจุดติดตั้ง,1200,11700,29.5,34.3,35.2,91.9,1839
CP-1412,2025-09-12,TikTok Shop,เจ้าของบ้าน/คอนโด (First Jobber),CoolPure Smart 9000 BTU,8500,4,34000,1,490,บริการย้ายจุดติดตั้ง,1200,35690,30.8,39.9,115.9,94.0,3507
CP-1413,2025-09-12,Lazada,ผู้เช่าหอพัก/คอนโด (นักศึกษา/คนทำงาน),CoolPure Smart 9000 BTU,8500,4,34000,2,980,ไม่มีบริการ,0,34980,28.4,31.6,161.4,98.1,3134
CP-1414,2025-09-14,Shopee,ผู้เช่าหอพัก/คอนโด (นักศึกษา/คนทำงาน),CoolPure Smart 9000 BTU,8500,3,25500,0,0,ไม่มีบริการ,0,25500,29.1,48.6,83.2,93.5,2662
CP-1415,2025-09-15,Lazada,ผู้เช่าหอพัก/คอนโด (นักศึกษา/คนทำงาน),CoolPure Smart 9000 BTU,8500,2,17000,2,980,บริการล้างแอร์รายปี,500,18480,29.0,29.4,73.6,95.6,5320
CP-1416,2025-09-15,Shopee,ผู้เช่าหอพัก/คอนโด (นักศึกษา/คนทำงาน),CoolPure Smart 12000 BTU,10500,3,31500,2,980,ไม่มีบริการ,0,32480,32.3,16.7,133.6,98.1,4663
CP-1417,2025-09-15,TikTok Shop,เจ้าของบ้าน/คอนโด (First Jobber),CoolPure Smart 9000 BTU,8500,1,8500,2,980,บริการล้างแอร์รายปี,500,9980,26.1,37.6,32.3,96.8,3834
CP-1418,2025-09-16,Shopee,ผู้เช่าหอพัก/คอนโด (นักศึกษา/คนทำงาน),CoolPure Smart 12000 BTU,10500,5,52500,2,980,บริการล้างแอร์รายปี,500,53980,31.5,16.9,161.8,94.6,3269
CP-1419,2025-09-16,Shopee,เจ้าของบ้าน/คอนโด (First Jobber),CoolPure Smart 12000 BTU,10500,5,52500,3,1470,บริการล้างแอร์รายปี,500,54470,27.9,24.4,168.3,98.2,2876
CP-1420,2025-09-17,TikTok Shop,ผู้เช่าหอพัก/คอนโด (นักศึกษา/คนทำงาน),CoolPure Smart 9000 BTU,8500,2,17000,1,490,ไม่มีบริการ,0,17490,27.4,16.0,82.1,92.9,5142
CP-1421,2025-09-18,Lazada,เจ้าของบ้าน/คอนโด (First Jobber),CoolPure Smart 12000 BTU,10500,1,10500,1,490,บริการล้างแอร์รายปี,500,11490,32.3,33.7,27.7,91.7,4901
CP-1422,2025-09-18,Lazada,เจ้าของบ้าน/คอนโด (First Jobber),CoolPure Smart 12000 BTU,10500,1,10500,2,980,บริการย้ายจุดติดตั้ง,1200,12680,27.0,22.1,27.8,94.9,4118
CP-1423,2025-09-18,Shopee,ผู้เช่าหอพัก/คอนโด (นักศึกษา/คนทำงาน),CoolPure Smart 9000 BTU,8500,5,42500,0,0,ไม่มีบริการ,0,42500,27.8,26.9,127.3,93.0,2370
CP-1424,2025-09-18,Shopee,เจ้าของบ้าน/คอนโด (First Jobber),CoolPure Smart 12000 BTU,10500,3,31500,1,490,ไม่มีบริการ,0,31990,31.2,40.4,127.9,92.0,2646
CP-1425,2025-09-19,Direct Partnership (Condo),ผู้เช่าหอพัก/คอนโด (นักศึกษา/คนทำงาน),CoolPure Smart 12000 BTU,10500,4,42000,3,1470,ไม่มีบริการ,0,43470,31.9,33.4,137.6,92.7,2416
CP-1426,2025-09-20,Direct Partnership (Condo),ผู้เช่าหอพัก/คอนโด (นักศึกษา/คนทำงาน),CoolPure Smart 9000 BTU,8500,1,8500,1,490,ไม่มีบริการ,0,8990,31.1,48.2,45.5,94.6,3699
CP-1427,2025-09-21,Lazada,ผู้เช่าหอพัก/คอนโด (นักศึกษา/คนทำงาน),CoolPure Smart 9000 BTU,8500,2,17000,0,0,ไม่มีบริการ,0,17000,35.2,31.8,64.4,91.3,3453
CP-1428,2025-09-21,Shopee,ผู้เช่าหอพัก/คอนโด (นักศึกษา/คนทำงาน),CoolPure Smart 12000 BTU,10500,5,52500,0,0,ไม่มีบริการ,0,52500,31.3,20.5,237.4,95.9,2511
CP-1429,2025-09-23,Lazada,เจ้าของบ้าน/คอนโด (First Jobber),CoolPure Smart 9000 BTU,8500,5,42500,2,980,บริการล้างแอร์รายปี,500,43980,30.9,32.3,183.8,95.0,2129
CP-1430,2025-09-23,Direct Partnership (Condo),ผู้เช่าหอพัก/คอนโด (นักศึกษา/คนทำงาน),CoolPure Smart 9000 BTU,8500,5,42500,4,1960,บริการล้างแอร์รายปี,500,44960,28.2,27.3,194.2,96.3,5331
CP-1431,2025-09-24,Shopee,ผู้เช่าหอพัก/คอนโด (นักศึกษา/คนทำงาน),CoolPure Smart 12000 BTU,10500,2,21000,2,980,ไม่มีบริการ,0,21980,29.8,27.0,88.8,96.2,4598
CP-1432,2025-09-24,TikTok Shop,ผู้เช่าหอพัก/คอนโด (นักศึกษา/คนทำงาน),CoolPure Smart 12000 BTU,10500,1,10500,1,490,บริการล้างแอร์รายปี,500,11490,30.5,16.1,32.1,93.7,3884
CP-1433,2025-09-24,Direct Partnership (Condo),เจ้าของบ้าน/คอนโด (First Jobber),CoolPure Smart 9000 BTU,8500,1,8500,0,0,ไม่มีบริการ,0,8500,29.5,36.5,35.5,97.8,4533
CP-1434,2025-09-26,TikTok Shop,เจ้าของบ้าน/คอนโด (First Jobber),CoolPure Smart 12000 BTU,10500,2,21000,1,490,ไม่มีบริการ,0,21490,30.1,19.0,61.8,91.1,5167
CP-1435,2025-09-26,TikTok Shop,ผู้เช่าหอพัก/คอนโด (นักศึกษา/คนทำงาน),CoolPure Smart 9000 BTU,8500,1,8500,2,980,บริการล้างแอร์รายปี,500,9980,28.5,31.7,31.1,98.5,4635
CP-1436,2025-09-26,TikTok Shop,ผู้เช่าหอพัก/คอนโด (นักศึกษา/คนทำงาน),CoolPure Smart 9000 BTU,8500,3,25500,0,0,บริการล้างแอร์รายปี,500,26000,30.7,41.5,101.5,93.1,4690
CP-1437,2025-09-27,TikTok Shop,เจ้าของบ้าน/คอนโด (First Jobber),CoolPure Smart 9000 BTU,8500,1,8500,1,490,ไม่มีบริการ,0,8990,29.8,23.6,35.5,98.6,5112
CP-1438,2025-09-27,Lazada,เจ้าของบ้าน/คอนโด (First Jobber),CoolPure Smart 12000 BTU,10500,1,10500,2,980,ไม่มีบริการ,0,11480,29.5,39.3,33.1,99.7,1924
CP-1439,2025-09-29,Lazada,เจ้าของบ้าน/คอนโด (First Jobber),CoolPure Smart 12000 BTU,10500,2,21000,2,980,ไม่มีบริการ,0,21980,31.5,24.5,56.9,95.2,3017
CP-1440,2025-09-29,Direct Partnership (Condo),ผู้เช่าหอพัก/คอนโด (นักศึกษา/คนทำงาน),CoolPure Smart 9000 BTU,8500,1,8500,1,490,ไม่มีบริการ,0,8990,32.9,38.8,40.2,95.5,2164
CP-1441,2025-10-02,Shopee,ผู้เช่าหอพัก/คอนโด (นักศึกษา/คนทำงาน),CoolPure Smart 12000 BTU,10500,2,21000,5,2450,ไม่มีบริการ,0,23450,26.8,34.3,91.9,97.3,2160
CP-1442,2025-10-02,Lazada,ผู้เช่าหอพัก/คอนโด (นักศึกษา/คนทำงาน),CoolPure Smart 9000 BTU,8500,1,8500,1,490,ไม่มีบริการ,0,8990,30.8,38.5,38.3,98.4,3738
CP-1443,2025-10-03,Lazada,เจ้าของบ้าน/คอนโด (First Jobber),CoolPure Smart 12000 BTU,10500,2,21000,4,1960,ไม่มีบริการ,0,22960,31.9,20.1,69.1,91.6,5471
CP-1444,2025-10-04,Lazada,ผู้เช่าหอพัก/คอนโด (นักศึกษา/คนทำงาน),CoolPure Smart 9000 BTU,8500,2,17000,1,490,บริการล้างแอร์รายปี,500,17990,30.3,28.3,95.0,95.5,5102
CP-1445,2025-10-05,Shopee,เจ้าของบ้าน/คอนโด (First Jobber),CoolPure Smart 12000 BTU,10500,3,31500,1,490,ไม่มีบริการ,0,31990,31.3,43.2,115.4,93.8,3323
CP-1446,2025-10-05,Lazada,ผู้เช่าหอพัก/คอนโด (นักศึกษา/คนทำงาน),CoolPure Smart 9000 BTU,8500,2,17000,1,490,บริการล้างแอร์รายปี,500,17990,27.0,29.1,80.9,98.5,4868
CP-1447,2025-10-05,Shopee,ผู้เช่าหอพัก/คอนโด (นักศึกษา/คนทำงาน),CoolPure Smart 9000 BTU,8500,1,8500,2,980,ไม่มีบริการ,0,9480,29.5,42.5,35.3,95.6,2594
CP-1448,2025-10-06,TikTok Shop,ผู้เช่าหอพัก/คอนโด (นักศึกษา/คนทำงาน),CoolPure Smart 9000 BTU,8500,3,25500,1,490,ไม่มีบริการ,0,25990,30.2,29.1,91.6,95.6,1501
CP-1449,2025-10-07,Lazada,ผู้เช่าหอพัก/คอนโด (นักศึกษา/คนทำงาน),CoolPure Smart 9000 BTU,8500,1,8500,2,980,ไม่มีบริการ,0,9480,30.3,38.8,46.1,98.6,4374
CP-1450,2025-10-07,TikTok Shop,ผู้เช่าหอพัก/คอนโด (นักศึกษา/คนทำงาน),CoolPure Smart 9000 BTU,8500,2,17000,1,490,ไม่มีบริการ,0,17490,30.8,22.0,70.2,97.2,2657
CP-1451,2025-10-07,TikTok Shop,เจ้าของบ้าน/คอนโด (First Jobber),CoolPure Smart 9000 BTU,8500,1,8500,1,490,ไม่มีบริการ,0,8990,29.8,45.1,37.1,93.3,2895
CP-1452,2025-10-08,TikTok Shop,ผู้เช่าหอพัก/คอนโด (นักศึกษา/คนทำงาน),CoolPure Smart 12000 BTU,10500,2,21000,1,490,บริการล้างแอร์รายปี,500,21990,31.8,36.7,57.6,95.3,1812
CP-1453,2025-10-08,TikTok Shop,ผู้เช่าหอพัก/คอนโด (นักศึกษา/คนทำงาน),CoolPure Smart 12000 BTU,10500,1,10500,1,490,บริการล้างแอร์รายปี,500,11490,34.4,27.0,41.0,99.6,4394
CP-1454,2025-10-09,TikTok Shop,เจ้าของบ้าน/คอนโด (First Jobber),CoolPure Smart 9000 BTU,8500,3,25500,3,1470,ไม่มีบริการ,0,26970,31.4,28.0,99.3,92.1,3095
CP-1455,2025-10-09,Lazada,ผู้เช่าหอพัก/คอนโด (นักศึกษา/คนทำงาน),CoolPure Smart 9000 BTU,8500,1,8500,2,980,บริการล้างแอร์รายปี,500,9980,32.7,37.3,29.6,98.3,2806
CP-1456,2025-10-11,Shopee,เจ้าของบ้าน/คอนโด (First Jobber),CoolPure Smart 12000 BTU,10500,3,31500,1,490,ไม่มีบริการ,0,31990,31.6,36.0,113.3,99.7,4832
CP-1457,2025-10-11,Shopee,ผู้เช่าหอพัก/คอนโด (นักศึกษา/คนทำงาน),CoolPure Smart 9000 BTU,8500,3,25500,3,1470,ไม่มีบริการ,0,26970,30.4,19.4,96.3,92.2,4256
CP-1458,2025-10-12,Direct Partnership (Condo),เจ้าของบ้าน/คอนโด (First Jobber),CoolPure Smart 9000 BTU,8500,4,34000,2,980,บริการล้างแอร์รายปี,500,35480,27.1,44.9,167.9,92.7,3532
CP-1459,2025-10-12,Lazada,ผู้เช่าหอพัก/คอนโด (นักศึกษา/คนทำงาน),CoolPure Smart 9000 BTU,8500,4,34000,2,980,ไม่มีบริการ,0,34980,27.3,37.2,137.4,99.0,5383
CP-1460,2025-10-12,TikTok Shop,ผู้เช่าหอพัก/คอนโด (นักศึกษา/คนทำงาน),CoolPure Smart 12000 BTU,10500,2,21000,2,980,ไม่มีบริการ,0,21980,29.3,20.5,86.6,91.4,4753
CP-1461,2025-10-12,TikTok Shop,เจ้าของบ้าน/คอนโด (First Jobber),CoolPure Smart 9000 BTU,8500,3,25500,3,1470,บริการย้ายจุดติดตั้ง,1200,28170,31.6,29.7,123.5,97.2,4078
CP-1462,2025-10-12,Lazada,ผู้เช่าหอพัก/คอนโด (นักศึกษา/คนทำงาน),CoolPure Smart 9000 BTU,8500,1,8500,2,980,บริการล้างแอร์รายปี,500,9980,30.1,30.4,44.2,96.9,3731
CP-1463,2025-10-13,Shopee,เจ้าของบ้าน/คอนโด (First Jobber),CoolPure Smart 12000 BTU,10500,1,10500,2,980,บริการล้างแอร์รายปี,500,11980,28.5,25.8,34.5,97.6,4395
CP-1464,2025-10-13,Shopee,ผู้เช่าหอพัก/คอนโด (นักศึกษา/คนทำงาน),CoolPure Smart 12000 BTU,10500,4,42000,2,980,ไม่มีบริการ,0,42980,28.4,19.2,185.0,93.9,2819
CP-1465,2025-10-15,Lazada,เจ้าของบ้าน/คอนโด (First Jobber),CoolPure Smart 9000 BTU,8500,2,17000,0,0,ไม่มีบริการ,0,17000,30.9,27.4,57.0,94.5,4785
CP-1466,2025-10-15,TikTok Shop,ผู้เช่าหอพัก/คอนโด (นักศึกษา/คนทำงาน),CoolPure Smart 12000 BTU,10500,1,10500,2,980,ไม่มีบริการ,0,11480,27.5,17.6,36.8,93.3,4811
CP-1467,2025-10-15,Direct Partnership (Condo),เจ้าของบ้าน/คอนโด (First Jobber),CoolPure Smart 9000 BTU,8500,3,25500,5,2450,ไม่มีบริการ,0,27950,29.7,22.4,94.3,91.7,2736
CP-1468,2025-10-15,Lazada,เจ้าของบ้าน/คอนโด (First Jobber),CoolPure Smart 12000 BTU,10500,1,10500,3,1470,ไม่มีบริการ,0,11970,30.1,19.7,31.7,91.9,3865
CP-1469,2025-10-16,TikTok Shop,เจ้าของบ้าน/คอนโด (First Jobber),CoolPure Smart 9000 BTU,8500,2,17000,2,980,บริการล้างแอร์รายปี,500,18480,28.3,34.1,75.8,95.2,2324
CP-1470,2025-10-20,TikTok Shop,ผู้เช่าหอพัก/คอนโด (นักศึกษา/คนทำงาน),CoolPure Smart 12000 BTU,10500,2,21000,2,980,ไม่มีบริการ,0,21980,30.8,25.4,50.7,94.9,4071
CP-1471,2025-10-20,Lazada,ผู้เช่าหอพัก/คอนโด (นักศึกษา/คนทำงาน),CoolPure Smart 12000 BTU,10500,4,42000,0,0,ไม่มีบริการ,0,42000,31.6,19.3,114.8,97.4,3892
CP-1472,2025-10-21,TikTok Shop,เจ้าของบ้าน/คอนโด (First Jobber),CoolPure Smart 12000 BTU,10500,1,10500,4,1960,ไม่มีบริการ,0,12460,30.3,42.3,43.8,92.7,4097
CP-1473,2025-10-21,Shopee,ผู้เช่าหอพัก/คอนโด (นักศึกษา/คนทำงาน),CoolPure Smart 9000 BTU,8500,5,42500,2,980,ไม่มีบริการ,0,43480,33.0,19.3,208.2,97.7,3134
CP-1474,2025-10-23,Shopee,ผู้เช่าหอพัก/คอนโด (นักศึกษา/คนทำงาน),CoolPure Smart 9000 BTU,8500,3,25500,1,490,ไม่มีบริการ,0,25990,29.6,10.4,101.1,95.0,2300
CP-1475,2025-10-23,Shopee,เจ้าของบ้าน/คอนโด (First Jobber),CoolPure Smart 9000 BTU,8500,2,17000,3,1470,ไม่มีบริการ,0,18470,31.1,34.5,61.2,92.6,4095
CP-1476,2025-10-23,TikTok Shop,ผู้เช่าหอพัก/คอนโด (นักศึกษา/คนทำงาน),CoolPure Smart 9000 BTU,8500,4,34000,2,980,บริการล้างแอร์รายปี,500,35480,27.6,34.7,110.6,96.3,5219
CP-1477,2025-10-24,Shopee,ผู้เช่าหอพัก/คอนโด (นักศึกษา/คนทำงาน),CoolPure Smart 12000 BTU,10500,2,21000,2,980,ไม่มีบริการ,0,21980,26.1,21.5,79.3,97.8,2975
CP-1478,2025-10-24,TikTok Shop,ผู้เช่าหอพัก/คอนโด (นักศึกษา/คนทำงาน),CoolPure Smart 9000 BTU,8500,2,17000,2,980,ไม่มีบริการ,0,17980,29.2,44.7,83.1,94.7,2958
CP-1479,2025-10-25,Lazada,ผู้เช่าหอพัก/คอนโด (นักศึกษา/คนทำงาน),CoolPure Smart 9000 BTU,8500,4,34000,1,490,บริการย้ายจุดติดตั้ง,1200,35690,30.2,22.7,100.3,97.9,5033
CP-1480,2025-10-25,TikTok Shop,เจ้าของบ้าน/คอนโด (First Jobber),CoolPure Smart 9000 BTU,8500,2,17000,2,980,ไม่มีบริการ,0,17980,28.9,28.2,68.0,99.6,1749
CP-1481,2025-10-26,Lazada,ผู้เช่าหอพัก/คอนโด (นักศึกษา/คนทำงาน),CoolPure Smart 12000 BTU,10500,4,42000,3,1470,ไม่มีบริการ,0,43470,29.3,50.4,158.8,94.6,5275
CP-1482,2025-10-26,TikTok Shop,ผู้เช่าหอพัก/คอนโด (นักศึกษา/คนทำงาน),CoolPure Smart 9000 BTU,8500,1,8500,2,980,บริการย้ายจุดติดตั้ง,1200,10680,31.2,27.0,39.4,98.5,4891
CP-1483,2025-10-27,Lazada,ผู้เช่าหอพัก/คอนโด (นักศึกษา/คนทำงาน),CoolPure Smart 12000 BTU,10500,2,21000,2,980,ไม่มีบริการ,0,21980,34.4,28.5,51.2,94.3,1860
CP-1484,2025-10-27,Lazada,ผู้เช่าหอพัก/คอนโด (นักศึกษา/คนทำงาน),CoolPure Smart 9000 BTU,8500,5,42500,2,980,ไม่มีบริการ,0,43480,31.7,39.4,159.9,91.0,3428
CP-1485,2025-10-29,Shopee,ผู้เช่าหอพัก/คอนโด (นักศึกษา/คนทำงาน),CoolPure Smart 9000 BTU,8500,4,34000,0,0,ไม่มีบริการ,0,34000,27.2,23.6,185.6,93.5,4362
CP-1486,2025-10-29,Lazada,ผู้เช่าหอพัก/คอนโด (นักศึกษา/คนทำงาน),CoolPure Smart 12000 BTU,10500,5,52500,0,0,ไม่มีบริการ,0,52500,28.8,24.9,208.8,91.9,2664
CP-1487,2025-10-30,TikTok Shop,เจ้าของบ้าน/คอนโด (First Jobber),CoolPure Smart 9000 BTU,8500,5,42500,1,490,ไม่มีบริการ,0,42990,29.3,32.5,205.5,92.5,2498
CP-1488,2025-10-30,Shopee,ผู้เช่าหอพัก/คอนโด (นักศึกษา/คนทำงาน),CoolPure Smart 9000 BTU,8500,1,8500,2,980,บริการย้ายจุดติดตั้ง,1200,10680,32.9,12.8,32.8,92.8,5208
CP-1489,2025-10-30,Lazada,ผู้เช่าหอพัก/คอนโด (นักศึกษา/คนทำงาน),CoolPure Smart 9000 BTU,8500,2,17000,5,2450,บริการล้างแอร์รายปี,500,19950,31.9,37.6,75.4,94.5,4137
CP-1490,2025-11-01,Lazada,ผู้เช่าหอพัก/คอนโด (นักศึกษา/คนทำงาน),CoolPure Smart 12000 BTU,10500,3,31500,1,490,ไม่มีบริการ,0,31990,30.1,40.3,103.0,93.0,3917
CP-1491,2025-11-02,Direct Partnership (Condo),ผู้เช่าหอพัก/คอนโด (นักศึกษา/คนทำงาน),CoolPure Smart 9000 BTU,8500,1,8500,2,980,ไม่มีบริการ,0,9480,31.6,14.1,38.2,96.1,3318
CP-1492,2025-11-02,Lazada,ผู้เช่าหอพัก/คอนโด (นักศึกษา/คนทำงาน),CoolPure Smart 12000 BTU,10500,1,10500,1,490,ไม่มีบริการ,0,10990,32.5,29.3,28.9,97.6,4295
CP-1493,2025-11-02,Lazada,ผู้เช่าหอพัก/คอนโด (นักศึกษา/คนทำงาน),CoolPure Smart 9000 BTU,8500,2,17000,1,490,บริการย้ายจุดติดตั้ง,1200,18690,30.3,33.5,68.1,94.8,2340
CP-1494,2025-11-02,Lazada,เจ้าของบ้าน/คอนโด (First Jobber),CoolPure Smart 9000 BTU,8500,3,25500,1,490,ไม่มีบริการ,0,25990,27.6,33.6,80.3,98.8,3162
CP-1495,2025-11-03,Lazada,เจ้าของบ้าน/คอนโด (First Jobber),CoolPure Smart 12000 BTU,10500,3,31500,1,490,ไม่มีบริการ,0,31990,29.4,44.6,64.6,97.5,2803
CP-1496,2025-11-03,Lazada,ผู้เช่าหอพัก/คอนโด (นักศึกษา/คนทำงาน),CoolPure Smart 12000 BTU,10500,7,73500,3,1470,บริการย้ายจุดติดตั้ง,1200,76170,30.6,32.4,189.3,97.5,1589
CP-1497,2025-11-04,Direct Partnership (Condo),เจ้าของบ้าน/คอนโด (First Jobber),CoolPure Smart 9000 BTU,8500,2,17000,2,980,ไม่มีบริการ,0,17980,28.8,29.5,60.2,99.2,1541
CP-1498,2025-11-05,Shopee,เจ้าของบ้าน/คอนโด (First Jobber),CoolPure Smart 12000 BTU,10500,1,10500,0,0,ไม่มีบริการ,0,10500,30.7,27.5,23.2,92.5,2590
CP-1499,2025-11-06,Lazada,เจ้าของบ้าน/คอนโด (First Jobber),CoolPure Smart 9000 BTU,8500,2,17000,1,490,บริการล้างแอร์รายปี,500,17990,26.1,24.7,63.9,92.1,5435
CP-1500,2025-11-07,Shopee,เจ้าของบ้าน/คอนโด (First Jobber),CoolPure Smart 9000 BTU,8500,5,42500,0,0,บริการย้ายจุดติดตั้ง,1200,43700,31.0,21.3,153.8,97.7,5216
CP-1501,2025-11-08,Shopee,ผู้เช่าหอพัก/คอนโด (นักศึกษา/คนทำงาน),CoolPure Smart 9000 BTU,8500,3,25500,1,490,ไม่มีบริการ,0,25990,31.6,35.2,83.5,93.2,2007
CP-1502,2025-11-09,Lazada,ผู้เช่าหอพัก/คอนโด (นักศึกษา/คนทำงาน),CoolPure Smart 12000 BTU,10500,1,10500,2,980,บริการย้ายจุดติดตั้ง,1200,12680,27.7,24.7,21.8,97.7,4873
CP-1503,2025-11-09,Lazada,เจ้าของบ้าน/คอนโด (First Jobber),CoolPure Smart 12000 BTU,10500,1,10500,1,490,บริการล้างแอร์รายปี,500,11490,29.5,31.8,20.4,95.3,4710
CP-1504,2025-11-10,Lazada,เจ้าของบ้าน/คอนโด (First Jobber),CoolPure Smart 9000 BTU,8500,2,17000,3,1470,บริการล้างแอร์รายปี,500,18970,26.8,31.0,59.3,97.0,1807
CP-1505,2025-11-11,Shopee,ผู้เช่าหอพัก/คอนโด (นักศึกษา/คนทำงาน),CoolPure Smart 9000 BTU,8500,3,25500,0,0,ไม่มีบริการ,0,25500,28.4,50.3,113.5,91.4,4542
CP-1506,2025-11-12,TikTok Shop,เจ้าของบ้าน/คอนโด (First Jobber),CoolPure Smart 9000 BTU,8500,3,25500,1,490,บริการล้างแอร์รายปี,500,26490,33.4,37.2,75.9,91.0,1586
CP-1507,2025-11-12,Shopee,เจ้าของบ้าน/คอนโด (First Jobber),CoolPure Smart 12000 BTU,10500,1,10500,3,1470,ไม่มีบริการ,0,11970,29.1,45.9,26.5,96.0,4544
CP-1508,2025-11-12,Direct Partnership (Condo),เจ้าของบ้าน/คอนโด (First Jobber),CoolPure Smart 9000 BTU,8500,5,42500,1,490,ไม่มีบริการ,0,42990,27.7,20.6,128.4,98.4,4363
CP-1509,2025-11-12,TikTok Shop,เจ้าของบ้าน/คอนโด (First Jobber),CoolPure Smart 9000 BTU,8500,1,8500,1,490,บริการล้างแอร์รายปี,500,9490,32.3,24.3,33.0,92.9,4185
CP-1510,2025-11-13,Shopee,เจ้าของบ้าน/คอนโด (First Jobber),CoolPure Smart 12000 BTU,10500,4,42000,2,980,ไม่มีบริการ,0,42980,25.7,43.5,109.7,99.4,3689
CP-1511,2025-11-13,Lazada,ผู้เช่าหอพัก/คอนโด (นักศึกษา/คนทำงาน),CoolPure Smart 9000 BTU,8500,1,8500,2,980,บริการล้างแอร์รายปี,500,9980,31.8,18.0,27.5,99.8,2571
CP-1512,2025-11-14,Lazada,เจ้าของบ้าน/คอนโด (First Jobber),CoolPure Smart 12000 BTU,10500,3,31500,3,1470,ไม่มีบริการ,0,32970,28.2,29.0,105.0,95.4,4707
CP-1513,2025-11-15,Lazada,เจ้าของบ้าน/คอนโด (First Jobber),CoolPure Smart 9000 BTU,8500,2,17000,1,490,บริการล้างแอร์รายปี,500,17990,30.0,28.5,73.6,98.8,4778
CP-1514,2025-11-15,Lazada,ผู้เช่าหอพัก/คอนโด (นักศึกษา/คนทำงาน),CoolPure Smart 9000 BTU,8500,2,17000,1,490,ไม่มีบริการ,0,17490,28.9,38.9,56.9,99.5,5152
CP-1515,2025-11-15,Shopee,เจ้าของบ้าน/คอนโด (First Jobber),CoolPure Smart 12000 BTU,10500,2,21000,3,1470,บริการล้างแอร์รายปี,500,22970,31.5,36.0,69.4,92.9,5054
CP-1516,2025-11-15,Lazada,ผู้เช่าหอพัก/คอนโด (นักศึกษา/คนทำงาน),CoolPure Smart 9000 BTU,8500,1,8500,2,980,ไม่มีบริการ,0,9480,27.9,43.4,25.9,96.3,4104
CP-1517,2025-11-15,TikTok Shop,ผู้เช่าหอพัก/คอนโด (นักศึกษา/คนทำงาน),CoolPure Smart 9000 BTU,8500,1,8500,1,490,ไม่มีบริการ,0,8990,28.6,36.3,35.3,97.1,4488
CP-1518,2025-11-17,Lazada,เจ้าของบ้าน/คอนโด (First Jobber),CoolPure Smart 9000 BTU,8500,1,8500,1,490,ไม่มีบริการ,0,8990,29.5,10.0,36.2,98.3,3630
CP-1519,2025-11-17,Lazada,ผู้เช่าหอพัก/คอนโด (นักศึกษา/คนทำงาน),CoolPure Smart 9000 BTU,8500,4,34000,1,490,บริการล้างแอร์รายปี,500,34990,26.9,35.5,134.7,96.7,3740
CP-1520,2025-11-17,Lazada,เจ้าของบ้าน/คอนโด (First Jobber),CoolPure Smart 12000 BTU,10500,3,31500,1,490,บริการล้างแอร์รายปี,500,32490,28.2,24.6,73.2,97.9,2967
CP-1521,2025-11-18,Direct Partnership (Condo),เจ้าของบ้าน/คอนโด (First Jobber),CoolPure Smart 9000 BTU,8500,2,17000,0,0,บริการย้ายจุดติดตั้ง,1200,18200,27.8,15.4,43.1,95.2,3188
CP-1522,2025-11-18,TikTok Shop,เจ้าของบ้าน/คอนโด (First Jobber),CoolPure Smart 12000 BTU,10500,1,10500,1,490,บริการล้างแอร์รายปี,500,11490,30.2,35.9,34.1,95.1,3640
CP-1523,2025-11-19,Shopee,เจ้าของบ้าน/คอนโด (First Jobber),CoolPure Smart 12000 BTU,10500,1,10500,0,0,บริการล้างแอร์รายปี,500,11000,26.9,15.2,22.4,92.3,5336
CP-1524,2025-11-20,Lazada,ผู้เช่าหอพัก/คอนโด (นักศึกษา/คนทำงาน),CoolPure Smart 12000 BTU,10500,2,21000,0,0,บริการย้ายจุดติดตั้ง,1200,22200,28.2,40.7,56.6,92.8,2748
CP-1525,2025-11-20,Lazada,ผู้เช่าหอพัก/คอนโด (นักศึกษา/คนทำงาน),CoolPure Smart 9000 BTU,8500,1,8500,1,490,ไม่มีบริการ,0,8990,27.2,28.1,24.0,94.1,1961
CP-1526,2025-11-20,Lazada,ผู้เช่าหอพัก/คอนโด (นักศึกษา/คนทำงาน),CoolPure Smart 9000 BTU,8500,2,17000,1,490,ไม่มีบริการ,0,17490,31.4,30.2,55.4,98.3,3705
CP-1527,2025-11-21,Lazada,ผู้เช่าหอพัก/คอนโด (นักศึกษา/คนทำงาน),CoolPure Smart 9000 BTU,8500,1,8500,1,490,บริการย้ายจุดติดตั้ง,1200,10190,29.0,10.0,31.8,95.3,3423
CP-1528,2025-11-23,TikTok Shop,ผู้เช่าหอพัก/คอนโด (นักศึกษา/คนทำงาน),CoolPure Smart 12000 BTU,10500,5,52500,0,0,ไม่มีบริการ,0,52500,32.9,47.1,134.3,96.1,4450
CP-1529,2025-11-24,Lazada,เจ้าของบ้าน/คอนโด (First Jobber),CoolPure Smart 9000 BTU,8500,1,8500,2,980,บริการล้างแอร์รายปี,500,9980,31.1,22.1,33.0,94.2,1871
CP-1530,2025-11-25,Shopee,ผู้เช่าหอพัก/คอนโด (นักศึกษา/คนทำงาน),CoolPure Smart 12000 BTU,10500,3,31500,3,1470,บริการล้างแอร์รายปี,500,33470,31.3,14.9,68.0,92.4,2539
CP-1531,2025-11-25,Shopee,เจ้าของบ้าน/คอนโด (First Jobber),CoolPure Smart 9000 BTU,8500,1,8500,4,1960,บริการย้ายจุดติดตั้ง,1200,11660,28.1,23.2,37.8,98.0,3700
CP-1532,2025-11-25,Lazada,ผู้เช่าหอพัก/คอนโด (นักศึกษา/คนทำงาน),CoolPure Smart 12000 BTU,10500,2,21000,0,0,บริการล้างแอร์รายปี,500,21500,29.4,43.6,64.8,95.6,2468
CP-1533,2025-11-25,Shopee,เจ้าของบ้าน/คอนโด (First Jobber),CoolPure Smart 12000 BTU,10500,1,10500,2,980,ไม่มีบริการ,0,11480,29.3,26.1,26.8,93.3,2695
CP-1534,2025-11-26,TikTok Shop,ผู้เช่าหอพัก/คอนโด (นักศึกษา/คนทำงาน),CoolPure Smart 9000 BTU,8500,4,34000,2,980,ไม่มีบริการ,0,34980,30.1,27.9,111.7,92.2,1773
CP-1535,2025-11-26,Shopee,เจ้าของบ้าน/คอนโด (First Jobber),CoolPure Smart 12000 BTU,10500,1,10500,2,980,บริการล้างแอร์รายปี,500,11980,28.3,33.4,23.6,92.6,2292
CP-1536,2025-11-27,Direct Partnership (Condo),ผู้เช่าหอพัก/คอนโด (นักศึกษา/คนทำงาน),CoolPure Smart 12000 BTU,10500,3,31500,0,0,บริการล้างแอร์รายปี,500,32000,29.3,40.0,110.2,91.3,2283
CP-1537,2025-11-28,TikTok Shop,ผู้เช่าหอพัก/คอนโด (นักศึกษา/คนทำงาน),CoolPure Smart 9000 BTU,8500,1,8500,1,490,ไม่มีบริการ,0,8990,26.8,24.0,24.9,91.1,2253
CP-1538,2025-11-30,Direct Partnership (Condo),ผู้เช่าหอพัก/คอนโด (นักศึกษา/คนทำงาน),CoolPure Smart 9000 BTU,8500,2,17000,0,0,ไม่มีบริการ,0,17000,29.4,30.0,52.4,99.7,2459
CP-1539,2025-11-30,Lazada,ผู้เช่าหอพัก/คอนโด (นักศึกษา/คนทำงาน),CoolPure Smart 12000 BTU,10500,2,21000,1,490,บริการล้างแอร์รายปี,500,21990,30.2,10.0,62.2,91.7,3877
CP-1540,2025-12-01,Shopee,ผู้เช่าหอพัก/คอนโด (นักศึกษา/คนทำงาน),CoolPure Smart 9000 BTU,8500,1,8500,0,0,บริการล้างแอร์รายปี,500,9000,29.7,29.9,34.2,95.7,4774
CP-1541,2025-12-04,Shopee,เจ้าของบ้าน/คอนโด (First Jobber),CoolPure Smart 9000 BTU,8500,3,25500,1,490,ไม่มีบริการ,0,25990,28.3,20.5,104.3,99.8,4391
CP-1542,2025-12-06,TikTok Shop,ผู้เช่าหอพัก/คอนโด (นักศึกษา/คนทำงาน),CoolPure Smart 9000 BTU,8500,5,42500,3,1470,บริการล้างแอร์รายปี,500,44470,32.6,38.7,160.1,98.8,1720
CP-1543,2025-12-07,Direct Partnership (Condo),เจ้าของบ้าน/คอนโด (First Jobber),CoolPure Smart 9000 BTU,8500,1,8500,6,2940,ไม่มีบริการ,0,11440,29.9,20.0,26.3,91.3,1854
CP-1544,2025-12-07,Shopee,ผู้เช่าหอพัก/คอนโด (นักศึกษา/คนทำงาน),CoolPure Smart 12000 BTU,10500,1,10500,1,490,บริการล้างแอร์รายปี,500,11490,28.9,23.3,28.3,95.7,3668
CP-1545,2025-12-08,Lazada,ผู้เช่าหอพัก/คอนโด (นักศึกษา/คนทำงาน),CoolPure Smart 9000 BTU,8500,4,34000,0,0,ไม่มีบริการ,0,34000,28.2,28.2,135.7,98.2,1959
CP-1546,2025-12-09,Shopee,เจ้าของบ้าน/คอนโด (First Jobber),CoolPure Smart 9000 BTU,8500,4,34000,0,0,ไม่มีบริการ,0,34000,31.4,13.5,152.9,96.9,3722
CP-1547,2025-12-09,Direct Partnership (Condo),ผู้เช่าหอพัก/คอนโด (นักศึกษา/คนทำงาน),CoolPure Smart 9000 BTU,8500,4,34000,1,490,ไม่มีบริการ,0,34490,27.9,31.5,100.1,96.0,3309
CP-1548,2025-12-09,TikTok Shop,ผู้เช่าหอพัก/คอนโด (นักศึกษา/คนทำงาน),CoolPure Smart 9000 BTU,8500,1,8500,2,980,บริการย้ายจุดติดตั้ง,1200,10680,26.8,38.0,35.3,95.5,3910
CP-1549,2025-12-12,Lazada,ผู้เช่าหอพัก/คอนโด (นักศึกษา/คนทำงาน),CoolPure Smart 9000 BTU,8500,1,8500,3,1470,บริการล้างแอร์รายปี,500,10470,30.0,23.9,20.9,96.0,2715
CP-1550,2025-12-12,Direct Partnership (Condo),เจ้าของบ้าน/คอนโด (First Jobber),CoolPure Smart 9000 BTU,8500,2,17000,0,0,ไม่มีบริการ,0,17000,29.5,51.8,74.4,96.1,4834
CP-1551,2025-12-12,TikTok Shop,เจ้าของบ้าน/คอนโด (First Jobber),CoolPure Smart 9000 BTU,8500,1,8500,3,1470,ไม่มีบริการ,0,9970,28.8,10.0,23.3,98.9,5406
CP-1552,2025-12-13,Shopee,เจ้าของบ้าน/คอนโด (First Jobber),CoolPure Smart 9000 BTU,8500,2,17000,1,490,ไม่มีบริการ,0,17490,26.7,20.5,56.5,99.3,2097
CP-1553,2025-12-14,TikTok Shop,เจ้าของบ้าน/คอนโด (First Jobber),CoolPure Smart 9000 BTU,8500,2,17000,0,0,ไม่มีบริการ,0,17000,28.8,26.5,51.1,95.5,3617
CP-1554,2025-12-14,Shopee,เจ้าของบ้าน/คอนโด (First Jobber),CoolPure Smart 9000 BTU,8500,1,8500,3,1470,ไม่มีบริการ,0,9970,29.2,31.3,36.5,95.3,4400
CP-1555,2025-12-15,Lazada,เจ้าของบ้าน/คอนโด (First Jobber),CoolPure Smart 9000 BTU,8500,2,17000,2,980,บริการย้ายจุดติดตั้ง,1200,19180,30.4,17.3,75.0,97.7,1550
CP-1556,2025-12-15,TikTok Shop,ผู้เช่าหอพัก/คอนโด (นักศึกษา/คนทำงาน),CoolPure Smart 9000 BTU,8500,1,8500,0,0,บริการล้างแอร์รายปี,500,9000,29.5,38.6,37.0,96.0,5237
CP-1557,2025-12-16,Shopee,เจ้าของบ้าน/คอนโด (First Jobber),CoolPure Smart 9000 BTU,8500,1,8500,2,980,ไม่มีบริการ,0,9480,31.6,46.4,35.7,92.8,2126
CP-1558,2025-12-16,Shopee,เจ้าของบ้าน/คอนโด (First Jobber),CoolPure Smart 12000 BTU,10500,4,42000,2,980,ไม่มีบริการ,0,42980,32.5,30.3,97.3,95.5,5144
CP-1559,2025-12-17,TikTok Shop,ผู้เช่าหอพัก/คอนโด (นักศึกษา/คนทำงาน),CoolPure Smart 9000 BTU,8500,1,8500,1,490,ไม่มีบริการ,0,8990,27.0,32.4,30.0,99.5,3468
CP-1560,2025-12-17,Shopee,ผู้เช่าหอพัก/คอนโด (นักศึกษา/คนทำงาน),CoolPure Smart 9000 BTU,8500,1,8500,2,980,ไม่มีบริการ,0,9480,28.9,33.8,25.3,97.1,3510
CP-1561,2025-12-17,TikTok Shop,เจ้าของบ้าน/คอนโด (First Jobber),CoolPure Smart 9000 BTU,8500,1,8500,3,1470,ไม่มีบริการ,0,9970,26.9,16.6,33.1,92.0,3130
CP-1562,2025-12-18,Shopee,ผู้เช่าหอพัก/คอนโด (นักศึกษา/คนทำงาน),CoolPure Smart 12000 BTU,10500,1,10500,1,490,บริการล้างแอร์รายปี,500,11490,28.3,24.6,30.2,95.9,2559
CP-1563,2025-12-18,TikTok Shop,ผู้เช่าหอพัก/คอนโด (นักศึกษา/คนทำงาน),CoolPure Smart 12000 BTU,10500,3,31500,1,490,ไม่มีบริการ,0,31990,30.1,16.7,84.7,93.8,2713
CP-1564,2025-12-19,TikTok Shop,ผู้เช่าหอพัก/คอนโด (นักศึกษา/คนทำงาน),CoolPure Smart 12000 BTU,10500,1,10500,1,490,ไม่มีบริการ,0,10990,26.4,23.8,36.8,97.0,4267
CP-1565,2025-12-19,TikTok Shop,เจ้าของบ้าน/คอนโด (First Jobber),CoolPure Smart 9000 BTU,8500,1,8500,4,1960,บริการล้างแอร์รายปี,500,10960,33.1,49.6,29.2,98.9,3212
CP-1566,2025-12-20,Shopee,เจ้าของบ้าน/คอนโด (First Jobber),CoolPure Smart 12000 BTU,10500,1,10500,3,1470,ไม่มีบริการ,0,11970,29.0,32.3,36.2,93.6,5122
CP-1567,2025-12-20,Lazada,เจ้าของบ้าน/คอนโด (First Jobber),CoolPure Smart 9000 BTU,8500,2,17000,3,1470,ไม่มีบริการ,0,18470,29.2,28.1,50.1,94.8,3134
CP-1568,2025-12-20,Shopee,ผู้เช่าหอพัก/คอนโด (นักศึกษา/คนทำงาน),CoolPure Smart 9000 BTU,8500,1,8500,0,0,ไม่มีบริการ,0,8500,30.8,28.1,33.7,94.1,4953
CP-1569,2025-12-20,TikTok Shop,ผู้เช่าหอพัก/คอนโด (นักศึกษา/คนทำงาน),CoolPure Smart 12000 BTU,10500,2,21000,1,490,ไม่มีบริการ,0,21490,29.8,43.0,46.1,91.9,3708
CP-1570,2025-12-21,Lazada,เจ้าของบ้าน/คอนโด (First Jobber),CoolPure Smart 9000 BTU,8500,5,42500,3,1470,ไม่มีบริการ,0,43970,30.1,27.7,163.7,93.5,3452
CP-1571,2025-12-21,Direct Partnership (Condo),เจ้าของบ้าน/คอนโด (First Jobber),CoolPure Smart 12000 BTU,10500,1,10500,3,1470,บริการล้างแอร์รายปี,500,12470,30.2,58.6,36.2,98.8,4368
CP-1572,2025-12-21,Lazada,เจ้าของบ้าน/คอนโด (First Jobber),CoolPure Smart 12000 BTU,10500,3,31500,3,1470,ไม่มีบริการ,0,32970,31.2,31.9,83.4,97.2,3687
CP-1573,2025-12-22,Shopee,ผู้เช่าหอพัก/คอนโด (นักศึกษา/คนทำงาน),CoolPure Smart 12000 BTU,10500,1,10500,2,980,ไม่มีบริการ,0,11480,31.0,31.3,20.8,99.2,4231
CP-1574,2025-12-22,TikTok Shop,ผู้เช่าหอพัก/คอนโด (นักศึกษา/คนทำงาน),CoolPure Smart 12000 BTU,10500,2,21000,2,980,บริการย้ายจุดติดตั้ง,1200,23180,29.8,20.1,41.0,93.8,1506
CP-1575,2025-12-22,Shopee,เจ้าของบ้าน/คอนโด (First Jobber),CoolPure Smart 9000 BTU,8500,1,8500,2,980,บริการล้างแอร์รายปี,500,9980,32.3,32.8,21.3,97.4,1948
CP-1576,2025-12-22,Lazada,ผู้เช่าหอพัก/คอนโด (นักศึกษา/คนทำงาน),CoolPure Smart 12000 BTU,10500,4,42000,2,980,บริการย้ายจุดติดตั้ง,1200,44180,27.5,38.7,133.6,98.1,2873
CP-1577,2025-12-23,Shopee,เจ้าของบ้าน/คอนโด (First Jobber),CoolPure Smart 9000 BTU,8500,2,17000,0,0,บริการล้างแอร์รายปี,500,17500,28.1,30.2,43.3,93.2,4022
CP-1578,2025-12-23,TikTok Shop,เจ้าของบ้าน/คอนโด (First Jobber),CoolPure Smart 9000 BTU,8500,2,17000,3,1470,บริการล้างแอร์รายปี,500,18970,28.0,27.4,52.4,92.7,3735
CP-1579,2025-12-23,Lazada,ผู้เช่าหอพัก/คอนโด (นักศึกษา/คนทำงาน),CoolPure Smart 12000 BTU,10500,3,31500,0,0,ไม่มีบริการ,0,31500,28.1,27.3,78.1,92.1,2092
CP-1580,2025-12-24,TikTok Shop,ผู้เช่าหอพัก/คอนโด (นักศึกษา/คนทำงาน),CoolPure Smart 12000 BTU,10500,3,31500,5,2450,ไม่มีบริการ,0,33950,28.9,25.3,77.7,99.3,2495
CP-1581,2025-12-25,Direct Partnership (Condo),เจ้าของบ้าน/คอนโด (First Jobber),CoolPure Smart 9000 BTU,8500,1,8500,4,1960,ไม่มีบริการ,0,10460,27.7,37.9,23.3,96.8,2120
CP-1582,2025-12-25,Lazada,เจ้าของบ้าน/คอนโด (First Jobber),CoolPure Smart 9000 BTU,8500,1,8500,2,980,บริการล้างแอร์รายปี,500,9980,25.9,32.3,24.8,96.7,4912
CP-1583,2025-12-26,Direct Partnership (Condo),ผู้เช่าหอพัก/คอนโด (นักศึกษา/คนทำงาน),CoolPure Smart 12000 BTU,10500,1,10500,0,0,ไม่มีบริการ,0,10500,28.3,18.1,29.6,99.4,3302
CP-1584,2025-12-26,Shopee,ผู้เช่าหอพัก/คอนโด (นักศึกษา/คนทำงาน),CoolPure Smart 12000 BTU,10500,2,21000,2,980,บริการล้างแอร์รายปี,500,22480,31.2,34.5,68.0,95.0,3328
CP-1585,2025-12-27,TikTok Shop,เจ้าของบ้าน/คอนโด (First Jobber),CoolPure Smart 9000 BTU,8500,2,17000,1,490,ไม่มีบริการ,0,17490,27.8,34.1,64.6,92.1,5037
CP-1586,2025-12-28,TikTok Shop,ผู้เช่าหอพัก/คอนโด (นักศึกษา/คนทำงาน),CoolPure Smart 9000 BTU,8500,5,42500,1,490,บริการล้างแอร์รายปี,500,43490,31.1,51.0,136.8,94.0,3932
CP-1587,2025-12-29,Lazada,เจ้าของบ้าน/คอนโด (First Jobber),CoolPure Smart 12000 BTU,10500,1,10500,0,0,ไม่มีบริการ,0,10500,30.8,36.9,24.7,92.2,5367
CP-1588,2025-12-30,TikTok Shop,ผู้เช่าหอพัก/คอนโด (นักศึกษา/คนทำงาน),CoolPure Smart 9000 BTU,8500,4,34000,0,0,บริการล้างแอร์รายปี,500,34500,30.5,23.4,84.8,91.1,2087
CP-1589,2025-12-30,Lazada,เจ้าของบ้าน/คอนโด (First Jobber),CoolPure Smart 9000 BTU,8500,1,8500,2,980,ไม่มีบริการ,0,9480,31.1,37.5,27.5,99.6,4165
CP-1590,2025-12-30,Shopee,ผู้เช่าหอพัก/คอนโด (นักศึกษา/คนทำงาน),CoolPure Smart 9000 BTU,8500,1,8500,3,1470,บริการล้างแอร์รายปี,500,10470,29.4,48.2,34.1,98.4,3428
CP-1591,2025-12-31,TikTok Shop,ผู้เช่าหอพัก/คอนโด (นักศึกษา/คนทำงาน),CoolPure Smart 9000 BTU,8500,1,8500,4,1960,ไม่มีบริการ,0,10460,29.2,27.1,37.0,98.1,2210
CP-1592,2025-12-31,TikTok Shop,ผู้เช่าหอพัก/คอนโด (นักศึกษา/คนทำงาน),CoolPure Smart 12000 BTU,10500,2,21000,1,490,ไม่มีบริการ,0,21490,31.6,46.4,45.5,96.9,3071
CP-1593,2025-12-31,Lazada,ผู้เช่าหอพัก/คอนโด (นักศึกษา/คนทำงาน),CoolPure Smart 9000 BTU,8500,3,25500,1,490,ไม่มีบริการ,0,25990,29.7,31.5,93.6,92.8,3277
CP-1594,2026-01-02,Lazada,เจ้าของบ้าน/คอนโด (First Jobber),CoolPure Smart 9000 BTU,8500,6,51000,4,1960,บริการล้างแอร์รายปี,500,53460,30.7,49.5,197.1,98.4,1810
CP-1595,2026-01-03,Shopee,ผู้เช่าหอพัก/คอนโด (นักศึกษา/คนทำงาน),CoolPure Smart 9000 BTU,8500,2,17000,1,490,บริการล้างแอร์รายปี,500,17990,29.6,59.8,54.3,98.8,2088
CP-1596,2026-01-03,TikTok Shop,เจ้าของบ้าน/คอนโด (First Jobber),CoolPure Smart 9000 BTU,8500,1,8500,2,980,บริการล้างแอร์รายปี,500,9980,31.6,50.7,23.3,99.1,3082
CP-1597,2026-01-04,Lazada,เจ้าของบ้าน/คอนโด (First Jobber),CoolPure Smart 9000 BTU,8500,6,51000,2,980,ไม่มีบริการ,0,51980,24.3,51.3,194.5,94.9,3049
CP-1598,2026-01-05,Lazada,เจ้าของบ้าน/คอนโด (First Jobber),CoolPure Smart 9000 BTU,8500,3,25500,4,1960,ไม่มีบริการ,0,27460,28.1,55.9,79.5,98.6,4163
CP-1599,2026-01-06,Shopee,เจ้าของบ้าน/คอนโด (First Jobber),CoolPure Smart 12000 BTU,10500,2,21000,4,1960,บริการย้ายจุดติดตั้ง,1200,24160,35.0,64.2,67.0,93.8,2518
CP-1600,2026-01-07,Shopee,เจ้าของบ้าน/คอนโด (First Jobber),CoolPure Smart 12000 BTU,10500,2,21000,3,1470,ไม่มีบริการ,0,22470,30.6,59.6,42.2,91.1,4422
CP-1601,2026-01-07,Lazada,เจ้าของบ้าน/คอนโด (First Jobber),CoolPure Smart 12000 BTU,10500,2,21000,2,980,บริการล้างแอร์รายปี,500,22480,28.8,46.9,67.1,98.0,3323
CP-1602,2026-01-07,TikTok Shop,ผู้เช่าหอพัก/คอนโด (นักศึกษา/คนทำงาน),CoolPure Smart 12000 BTU,10500,1,10500,2,980,บริการล้างแอร์รายปี,500,11980,29.4,45.9,36.1,96.7,2531
CP-1603,2026-01-08,TikTok Shop,เจ้าของบ้าน/คอนโด (First Jobber),CoolPure Smart 9000 BTU,8500,1,8500,3,1470,ไม่มีบริการ,0,9970,26.3,48.7,22.8,95.5,3862
CP-1604,2026-01-08,Shopee,เจ้าของบ้าน/คอนโด (First Jobber),CoolPure Smart 9000 BTU,8500,2,17000,3,1470,ไม่มีบริการ,0,18470,30.9,69.7,53.9,95.6,2183
CP-1605,2026-01-09,Shopee,ผู้เช่าหอพัก/คอนโด (นักศึกษา/คนทำงาน),CoolPure Smart 9000 BTU,8500,3,25500,6,2940,ไม่มีบริการ,0,28440,31.0,62.9,62.1,98.9,2884
CP-1606,2026-01-10,Shopee,ผู้เช่าหอพัก/คอนโด (นักศึกษา/คนทำงาน),CoolPure Smart 9000 BTU,8500,4,34000,4,1960,บริการล้างแอร์รายปี,500,36460,30.8,61.2,95.5,99.6,2290
CP-1607,2026-01-10,TikTok Shop,ผู้เช่าหอพัก/คอนโด (นักศึกษา/คนทำงาน),CoolPure Smart 12000 BTU,10500,1,10500,3,1470,ไม่มีบริการ,0,11970,27.6,59.5,33.7,97.4,1593
CP-1608,2026-01-11,Shopee,ผู้เช่าหอพัก/คอนโด (นักศึกษา/คนทำงาน),CoolPure Smart 12000 BTU,10500,2,21000,3,1470,บริการย้ายจุดติดตั้ง,1200,23670,31.9,55.3,67.3,98.7,1791
CP-1609,2026-01-12,Lazada,ผู้เช่าหอพัก/คอนโด (นักศึกษา/คนทำงาน),CoolPure Smart 12000 BTU,10500,3,31500,5,2450,ไม่มีบริการ,0,33950,30.5,41.0,106.1,96.4,4403
CP-1610,2026-01-13,Lazada,เจ้าของบ้าน/คอนโด (First Jobber),CoolPure Smart 9000 BTU,8500,1,8500,5,2450,ไม่มีบริการ,0,10950,31.3,61.3,28.4,98.5,4038
CP-1611,2026-01-13,Lazada,ผู้เช่าหอพัก/คอนโด (นักศึกษา/คนทำงาน),CoolPure Smart 9000 BTU,8500,3,25500,5,2450,บริการล้างแอร์รายปี,500,28450,29.3,61.8,69.3,94.9,2596
CP-1612,2026-01-16,Direct Partnership (Condo),เจ้าของบ้าน/คอนโด (First Jobber),CoolPure Smart 9000 BTU,8500,1,8500,4,1960,บริการย้ายจุดติดตั้ง,1200,11660,32.4,45.4,22.6,91.2,3596
CP-1613,2026-01-16,TikTok Shop,ผู้เช่าหอพัก/คอนโด (นักศึกษา/คนทำงาน),CoolPure Smart 12000 BTU,10500,1,10500,4,1960,บริการล้างแอร์รายปี,500,12960,30.5,52.8,30.2,97.7,4931
CP-1614,2026-01-18,Direct Partnership (Condo),ผู้เช่าหอพัก/คอนโด (นักศึกษา/คนทำงาน),CoolPure Smart 12000 BTU,10500,3,31500,2,980,บริการล้างแอร์รายปี,500,32980,31.2,37.9,86.7,94.7,2953
CP-1615,2026-01-18,TikTok Shop,ผู้เช่าหอพัก/คอนโด (นักศึกษา/คนทำงาน),CoolPure Smart 12000 BTU,10500,4,42000,7,3430,บริการล้างแอร์รายปี,500,45930,31.0,42.2,92.9,98.7,2119
CP-1616,2026-01-18,Shopee,ผู้เช่าหอพัก/คอนโด (นักศึกษา/คนทำงาน),CoolPure Smart 9000 BTU,8500,2,17000,3,1470,ไม่มีบริการ,0,18470,26.8,74.9,60.4,93.0,3413
CP-1617,2026-01-19,TikTok Shop,เจ้าของบ้าน/คอนโด (First Jobber),CoolPure Smart 9000 BTU,8500,1,8500,3,1470,ไม่มีบริการ,0,9970,28.1,67.8,25.5,93.3,4518
CP-1618,2026-01-19,Shopee,เจ้าของบ้าน/คอนโด (First Jobber),CoolPure Smart 9000 BTU,8500,2,17000,2,980,ไม่มีบริการ,0,17980,26.8,41.2,51.0,97.5,4301
CP-1619,2026-01-20,Lazada,ผู้เช่าหอพัก/คอนโด (นักศึกษา/คนทำงาน),CoolPure Smart 9000 BTU,8500,1,8500,4,1960,ไม่มีบริการ,0,10460,29.7,63.3,32.2,92.2,2219
CP-1620,2026-01-20,TikTok Shop,ผู้เช่าหอพัก/คอนโด (นักศึกษา/คนทำงาน),CoolPure Smart 9000 BTU,8500,2,17000,7,3430,บริการล้างแอร์รายปี,500,20930,32.0,56.1,40.9,99.0,4482
CP-1621,2026-01-21,Shopee,ผู้เช่าหอพัก/คอนโด (นักศึกษา/คนทำงาน),CoolPure Smart 9000 BTU,8500,1,8500,3,1470,ไม่มีบริการ,0,9970,29.1,54.3,27.1,92.7,2732
CP-1622,2026-01-21,Lazada,ผู้เช่าหอพัก/คอนโด (นักศึกษา/คนทำงาน),CoolPure Smart 9000 BTU,8500,1,8500,0,0,ไม่มีบริการ,0,8500,28.7,58.5,37.1,98.1,5389
CP-1623,2026-01-23,Shopee,ผู้เช่าหอพัก/คอนโด (นักศึกษา/คนทำงาน),CoolPure Smart 9000 BTU,8500,2,17000,8,3920,ไม่มีบริการ,0,20920,26.8,54.5,62.3,98.4,3148
CP-1624,2026-01-28,Shopee,ผู้เช่าหอพัก/คอนโด (นักศึกษา/คนทำงาน),CoolPure Smart 12000 BTU,10500,4,42000,1,490,บริการล้างแอร์รายปี,500,42990,30.8,49.2,115.6,96.0,4222
CP-1625,2026-01-29,Lazada,เจ้าของบ้าน/คอนโด (First Jobber),CoolPure Smart 12000 BTU,10500,2,21000,2,980,บริการล้างแอร์รายปี,500,22480,32.0,36.6,67.0,99.5,3383
CP-1626,2026-01-30,Direct Partnership (Condo),เจ้าของบ้าน/คอนโด (First Jobber),CoolPure Smart 9000 BTU,8500,1,8500,2,980,บริการย้ายจุดติดตั้ง,1200,10680,29.1,64.2,35.0,97.3,1606
CP-1627,2026-01-30,Lazada,ผู้เช่าหอพัก/คอนโด (นักศึกษา/คนทำงาน),CoolPure Smart 9000 BTU,8500,5,42500,1,490,บริการล้างแอร์รายปี,500,43490,26.1,64.1,180.9,91.2,1526
CP-1628,2026-02-01,TikTok Shop,ผู้เช่าหอพัก/คอนโด (นักศึกษา/คนทำงาน),CoolPure Smart 9000 BTU,8500,1,8500,0,0,ไม่มีบริการ,0,8500,28.3,64.7,31.7,91.6,1868
CP-1629,2026-02-01,Lazada,ผู้เช่าหอพัก/คอนโด (นักศึกษา/คนทำงาน),CoolPure Smart 9000 BTU,8500,5,42500,3,1470,บริการล้างแอร์รายปี,500,44470,29.2,37.9,216.5,99.3,1541
CP-1630,2026-02-01,Shopee,ผู้เช่าหอพัก/คอนโด (นักศึกษา/คนทำงาน),CoolPure Smart 12000 BTU,10500,1,10500,4,1960,ไม่มีบริการ,0,12460,28.4,50.6,27.9,93.3,4493
CP-1631,2026-02-02,TikTok Shop,ผู้เช่าหอพัก/คอนโด (นักศึกษา/คนทำงาน),CoolPure Smart 9000 BTU,8500,2,17000,1,490,บริการล้างแอร์รายปี,500,17990,28.6,48.5,73.1,93.1,5022
CP-1632,2026-02-02,Lazada,เจ้าของบ้าน/คอนโด (First Jobber),CoolPure Smart 9000 BTU,8500,4,34000,4,1960,บริการล้างแอร์รายปี,500,36460,31.1,71.5,160.9,95.3,3679
CP-1633,2026-02-03,Lazada,ผู้เช่าหอพัก/คอนโด (นักศึกษา/คนทำงาน),CoolPure Smart 9000 BTU,8500,4,34000,4,1960,ไม่มีบริการ,0,35960,29.8,49.6,160.7,95.2,2647
CP-1634,2026-02-04,TikTok Shop,ผู้เช่าหอพัก/คอนโด (นักศึกษา/คนทำงาน),CoolPure Smart 9000 BTU,8500,1,8500,6,2940,บริการล้างแอร์รายปี,500,11940,30.3,67.3,31.2,95.3,3301
CP-1635,2026-02-05,Shopee,ผู้เช่าหอพัก/คอนโด (นักศึกษา/คนทำงาน),CoolPure Smart 9000 BTU,8500,4,34000,0,0,ไม่มีบริการ,0,34000,28.2,69.4,162.7,96.9,1971
CP-1636,2026-02-05,Shopee,เจ้าของบ้าน/คอนโด (First Jobber),CoolPure Smart 9000 BTU,8500,2,17000,1,490,บริการล้างแอร์รายปี,500,17990,34.6,54.4,50.7,96.8,4725
CP-1637,2026-02-06,TikTok Shop,เจ้าของบ้าน/คอนโด (First Jobber),CoolPure Smart 9000 BTU,8500,1,8500,5,2450,ไม่มีบริการ,0,10950,32.4,59.1,30.4,94.6,5380
CP-1638,2026-02-08,Direct Partnership (Condo),ผู้เช่าหอพัก/คอนโด (นักศึกษา/คนทำงาน),CoolPure Smart 9000 BTU,8500,1,8500,4,1960,ไม่มีบริการ,0,10460,28.3,47.1,35.5,94.3,2719
CP-1639,2026-02-08,TikTok Shop,ผู้เช่าหอพัก/คอนโด (นักศึกษา/คนทำงาน),CoolPure Smart 9000 BTU,8500,2,17000,2,980,ไม่มีบริการ,0,17980,28.2,56.1,72.3,95.8,4096
CP-1640,2026-02-10,Lazada,เจ้าของบ้าน/คอนโด (First Jobber),CoolPure Smart 9000 BTU,8500,2,17000,2,980,ไม่มีบริการ,0,17980,29.1,67.0,87.6,97.3,2640
CP-1641,2026-02-10,Shopee,ผู้เช่าหอพัก/คอนโด (นักศึกษา/คนทำงาน),CoolPure Smart 12000 BTU,10500,4,42000,2,980,ไม่มีบริการ,0,42980,32.2,71.0,101.5,95.0,2205
CP-1642,2026-02-10,Shopee,เจ้าของบ้าน/คอนโด (First Jobber),CoolPure Smart 9000 BTU,8500,3,25500,6,2940,บริการล้างแอร์รายปี,500,28940,29.1,42.9,117.9,97.4,1810
CP-1643,2026-02-10,Lazada,เจ้าของบ้าน/คอนโด (First Jobber),CoolPure Smart 9000 BTU,8500,1,8500,0,0,ไม่มีบริการ,0,8500,31.1,51.7,30.9,95.5,3956
CP-1644,2026-02-11,Shopee,ผู้เช่าหอพัก/คอนโด (นักศึกษา/คนทำงาน),CoolPure Smart 12000 BTU,10500,4,42000,2,980,บริการย้ายจุดติดตั้ง,1200,44180,32.2,68.1,184.6,98.7,5350
CP-1645,2026-02-12,Lazada,เจ้าของบ้าน/คอนโด (First Jobber),CoolPure Smart 9000 BTU,8500,3,25500,7,3430,ไม่มีบริการ,0,28930,29.0,43.5,95.5,94.1,1889
CP-1646,2026-02-12,Lazada,เจ้าของบ้าน/คอนโด (First Jobber),CoolPure Smart 12000 BTU,10500,2,21000,5,2450,บริการย้ายจุดติดตั้ง,1200,24650,26.7,55.5,61.0,91.2,2064
CP-1647,2026-02-13,TikTok Shop,เจ้าของบ้าน/คอนโด (First Jobber),CoolPure Smart 9000 BTU,8500,5,42500,6,2940,ไม่มีบริการ,0,45440,31.0,71.1,140.5,99.0,3254
CP-1648,2026-02-14,TikTok Shop,เจ้าของบ้าน/คอนโด (First Jobber),CoolPure Smart 9000 BTU,8500,4,34000,3,1470,บริการย้ายจุดติดตั้ง,1200,36670,31.8,64.2,156.7,99.1,2536
CP-1649,2026-02-14,Shopee,เจ้าของบ้าน/คอนโด (First Jobber),CoolPure Smart 12000 BTU,10500,3,31500,3,1470,บริการล้างแอร์รายปี,500,33470,29.9,58.8,125.8,93.9,1650
CP-1650,2026-02-14,Shopee,ผู้เช่าหอพัก/คอนโด (นักศึกษา/คนทำงาน),CoolPure Smart 12000 BTU,10500,4,42000,2,980,ไม่มีบริการ,0,42980,27.9,67.0,134.5,98.0,4095
CP-1651,2026-02-16,Direct Partnership (Condo),เจ้าของบ้าน/คอนโด (First Jobber),CoolPure Smart 12000 BTU,10500,2,21000,2,980,ไม่มีบริการ,0,21980,32.7,55.6,91.5,95.0,3566
CP-1652,2026-02-19,Lazada,เจ้าของบ้าน/คอนโด (First Jobber),CoolPure Smart 12000 BTU,10500,2,21000,3,1470,บริการย้ายจุดติดตั้ง,1200,23670,33.6,44.7,69.5,99.4,3793
CP-1653,2026-02-20,Shopee,เจ้าของบ้าน/คอนโด (First Jobber),CoolPure Smart 12000 BTU,10500,4,42000,2,980,ไม่มีบริการ,0,42980,32.0,54.4,176.0,99.5,3145
CP-1654,2026-02-20,Shopee,ผู้เช่าหอพัก/คอนโด (นักศึกษา/คนทำงาน),CoolPure Smart 12000 BTU,10500,5,52500,3,1470,ไม่มีบริการ,0,53970,30.0,52.9,140.5,98.3,5442
CP-1655,2026-02-21,Lazada,ผู้เช่าหอพัก/คอนโด (นักศึกษา/คนทำงาน),CoolPure Smart 9000 BTU,8500,3,25500,3,1470,ไม่มีบริการ,0,26970,28.2,58.5,79.2,91.3,1760
CP-1656,2026-02-21,Lazada,ผู้เช่าหอพัก/คอนโด (นักศึกษา/คนทำงาน),CoolPure Smart 12000 BTU,10500,1,10500,8,3920,บริการล้างแอร์รายปี,500,14920,29.4,53.7,38.3,95.2,4314
CP-1657,2026-02-21,Lazada,เจ้าของบ้าน/คอนโด (First Jobber),CoolPure Smart 9000 BTU,8500,2,17000,2,980,บริการล้างแอร์รายปี,500,18480,30.5,77.6,77.4,97.1,2601
CP-1658,2026-02-21,Direct Partnership (Condo),เจ้าของบ้าน/คอนโด (First Jobber),CoolPure Smart 12000 BTU,10500,3,31500,2,980,ไม่มีบริการ,0,32480,28.1,52.8,82.3,91.2,1864
CP-1659,2026-02-21,Shopee,เจ้าของบ้าน/คอนโด (First Jobber),CoolPure Smart 9000 BTU,8500,1,8500,3,1470,บริการย้ายจุดติดตั้ง,1200,11170,32.4,54.2,25.6,93.6,4611
CP-1660,2026-02-22,Shopee,ผู้เช่าหอพัก/คอนโด (นักศึกษา/คนทำงาน),CoolPure Smart 12000 BTU,10500,3,31500,5,2450,ไม่มีบริการ,0,33950,32.2,57.0,140.9,95.7,1831
CP-1661,2026-02-22,Lazada,ผู้เช่าหอพัก/คอนโด (นักศึกษา/คนทำงาน),CoolPure Smart 9000 BTU,8500,6,51000,1,490,ไม่มีบริการ,0,51490,33.0,51.2,166.2,91.0,2553
CP-1662,2026-02-23,Shopee,เจ้าของบ้าน/คอนโด (First Jobber),CoolPure Smart 9000 BTU,8500,1,8500,1,490,ไม่มีบริการ,0,8990,30.8,76.3,33.8,94.4,3216
CP-1663,2026-02-23,Direct Partnership (Condo),ผู้เช่าหอพัก/คอนโด (นักศึกษา/คนทำงาน),CoolPure Smart 12000 BTU,10500,3,31500,4,1960,ไม่มีบริการ,0,33460,32.0,65.1,113.7,94.2,4748
CP-1664,2026-02-25,TikTok Shop,เจ้าของบ้าน/คอนโด (First Jobber),CoolPure Smart 9000 BTU,8500,3,25500,1,490,บริการล้างแอร์รายปี,500,26490,30.8,45.8,132.7,98.8,3099
CP-1665,2026-02-25,Shopee,ผู้เช่าหอพัก/คอนโด (นักศึกษา/คนทำงาน),CoolPure Smart 9000 BTU,8500,3,25500,3,1470,บริการล้างแอร์รายปี,500,27470,31.9,73.2,126.2,95.8,4452
CP-1666,2026-02-25,TikTok Shop,เจ้าของบ้าน/คอนโด (First Jobber),CoolPure Smart 9000 BTU,8500,1,8500,3,1470,ไม่มีบริการ,0,9970,28.0,69.8,26.3,98.0,1673
CP-1667,2026-02-26,Shopee,เจ้าของบ้าน/คอนโด (First Jobber),CoolPure Smart 9000 BTU,8500,2,17000,2,980,บริการล้างแอร์รายปี,500,18480,28.8,52.8,88.6,92.8,3995
CP-1668,2026-02-27,Lazada,ผู้เช่าหอพัก/คอนโด (นักศึกษา/คนทำงาน),CoolPure Smart 12000 BTU,10500,2,21000,3,1470,บริการล้างแอร์รายปี,500,22970,31.0,61.2,96.0,94.3,2242
CP-1669,2026-02-27,TikTok Shop,เจ้าของบ้าน/คอนโด (First Jobber),CoolPure Smart 9000 BTU,8500,4,34000,3,1470,ไม่มีบริการ,0,35470,30.1,55.1,116.6,92.9,2844
CP-1670,2026-02-28,Direct Partnership (Condo),เจ้าของบ้าน/คอนโด (First Jobber),CoolPure Smart 9000 BTU,8500,1,8500,2,980,ไม่มีบริการ,0,9480,29.0,73.4,35.4,94.2,5415
CP-1671,2026-02-28,Lazada,ผู้เช่าหอพัก/คอนโด (นักศึกษา/คนทำงาน),CoolPure Smart 9000 BTU,8500,1,8500,8,3920,ไม่มีบริการ,0,12420,28.5,40.3,34.3,95.1,5349
CP-1672,2026-02-28,Lazada,ผู้เช่าหอพัก/คอนโด (นักศึกษา/คนทำงาน),CoolPure Smart 9000 BTU,8500,1,8500,4,1960,บริการย้ายจุดติดตั้ง,1200,11660,31.4,88.9,30.5,91.9,2763
CP-1673,2026-02-28,Shopee,เจ้าของบ้าน/คอนโด (First Jobber),CoolPure Smart 9000 BTU,8500,1,8500,3,1470,บริการล้างแอร์รายปี,500,10470,30.4,62.8,27.9,97.1,5237
CP-1674,2026-02-28,TikTok Shop,ผู้เช่าหอพัก/คอนโด (นักศึกษา/คนทำงาน),CoolPure Smart 9000 BTU,8500,1,8500,3,1470,บริการล้างแอร์รายปี,500,10470,32.4,50.0,44.1,91.5,2181
CP-1675,2026-03-01,Lazada,ผู้เช่าหอพัก/คอนโด (นักศึกษา/คนทำงาน),CoolPure Smart 9000 BTU,8500,3,25500,1,490,บริการล้างแอร์รายปี,500,26490,31.1,57.4,121.7,91.7,3592
CP-1676,2026-03-01,Shopee,เจ้าของบ้าน/คอนโด (First Jobber),CoolPure Smart 9000 BTU,8500,10,85000,4,1960,ไม่มีบริการ,0,86960,33.8,51.6,445.7,94.8,3000
CP-1677,2026-03-02,Lazada,ผู้เช่าหอพัก/คอนโด (นักศึกษา/คนทำงาน),CoolPure Smart 9000 BTU,8500,4,34000,0,0,บริการย้ายจุดติดตั้ง,1200,35200,31.6,65.9,205.2,97.1,2423
CP-1678,2026-03-02,Direct Partnership (Condo),ผู้เช่าหอพัก/คอนโด (นักศึกษา/คนทำงาน),CoolPure Smart 12000 BTU,10500,3,31500,6,2940,ไม่มีบริการ,0,34440,34.7,57.1,124.6,93.3,4622
CP-1679,2026-03-03,TikTok Shop,เจ้าของบ้าน/คอนโด (First Jobber),CoolPure Smart 12000 BTU,10500,8,84000,2,980,บริการล้างแอร์รายปี,500,85480,34.4,55.0,434.3,94.8,2033
CP-1680,2026-03-03,TikTok Shop,เจ้าของบ้าน/คอนโด (First Jobber),CoolPure Smart 9000 BTU,8500,5,42500,1,490,ไม่มีบริการ,0,42990,30.3,39.9,292.1,92.6,3855
CP-1681,2026-03-04,Shopee,เจ้าของบ้าน/คอนโด (First Jobber),CoolPure Smart 12000 BTU,10500,5,52500,8,3920,บริการล้างแอร์รายปี,500,56920,32.8,42.7,282.9,96.5,4415
CP-1682,2026-03-04,Direct Partnership (Condo),เจ้าของบ้าน/คอนโด (First Jobber),CoolPure Smart 9000 BTU,8500,1,8500,5,2450,ไม่มีบริการ,0,10950,29.5,53.8,59.5,96.9,4522
CP-1683,2026-03-04,TikTok Shop,ผู้เช่าหอพัก/คอนโด (นักศึกษา/คนทำงาน),CoolPure Smart 12000 BTU,10500,5,52500,4,1960,ไม่มีบริการ,0,54460,29.5,51.2,241.1,96.2,5441
CP-1684,2026-03-04,TikTok Shop,ผู้เช่าหอพัก/คอนโด (นักศึกษา/คนทำงาน),CoolPure Smart 12000 BTU,10500,4,42000,1,490,บริการย้ายจุดติดตั้ง,1200,43690,31.0,56.9,251.2,98.4,1568
CP-1685,2026-03-05,Direct Partnership (Condo),ผู้เช่าหอพัก/คอนโด (นักศึกษา/คนทำงาน),CoolPure Smart 12000 BTU,10500,3,31500,2,980,ไม่มีบริการ,0,32480,31.4,48.6,140.6,96.0,2953
CP-1686,2026-03-05,TikTok Shop,เจ้าของบ้าน/คอนโด (First Jobber),CoolPure Smart 12000 BTU,10500,3,31500,3,1470,ไม่มีบริการ,0,32970,30.7,46.2,125.0,91.2,3491
CP-1687,2026-03-05,TikTok Shop,เจ้าของบ้าน/คอนโด (First Jobber),CoolPure Smart 12000 BTU,10500,3,31500,8,3920,บริการล้างแอร์รายปี,500,35920,32.8,61.5,132.6,96.3,1878
CP-1688,2026-03-06,Shopee,ผู้เช่าหอพัก/คอนโด (นักศึกษา/คนทำงาน),CoolPure Smart 12000 BTU,10500,1,10500,4,1960,บริการล้างแอร์รายปี,500,12960,29.4,62.9,68.9,91.5,1719
CP-1689,2026-03-06,TikTok Shop,เจ้าของบ้าน/คอนโด (First Jobber),CoolPure Smart 9000 BTU,8500,2,17000,3,1470,ไม่มีบริการ,0,18470,34.1,62.1,107.6,91.0,3309
CP-1690,2026-03-08,Lazada,เจ้าของบ้าน/คอนโด (First Jobber),CoolPure Smart 9000 BTU,8500,4,34000,6,2940,ไม่มีบริการ,0,36940,33.4,55.9,270.5,94.7,4423
CP-1691,2026-03-08,TikTok Shop,เจ้าของบ้าน/คอนโด (First Jobber),CoolPure Smart 9000 BTU,8500,4,34000,2,980,ไม่มีบริการ,0,34980,33.0,68.9,190.8,98.9,3705
CP-1692,2026-03-08,TikTok Shop,ผู้เช่าหอพัก/คอนโด (นักศึกษา/คนทำงาน),CoolPure Smart 9000 BTU,8500,6,51000,6,2940,ไม่มีบริการ,0,53940,31.1,54.8,346.7,96.4,2307
CP-1693,2026-03-09,Direct Partnership (Condo),ผู้เช่าหอพัก/คอนโด (นักศึกษา/คนทำงาน),CoolPure Smart 12000 BTU,10500,5,52500,3,1470,บริการย้ายจุดติดตั้ง,1200,55170,30.0,51.3,303.9,97.4,5099
CP-1694,2026-03-10,TikTok Shop,เจ้าของบ้าน/คอนโด (First Jobber),CoolPure Smart 12000 BTU,10500,1,10500,2,980,บริการล้างแอร์รายปี,500,11980,31.8,59.1,63.1,93.4,2413
CP-1695,2026-03-10,Shopee,เจ้าของบ้าน/คอนโด (First Jobber),CoolPure Smart 9000 BTU,8500,1,8500,5,2450,ไม่มีบริการ,0,10950,28.7,75.7,42.9,93.9,2790
CP-1696,2026-03-11,Shopee,เจ้าของบ้าน/คอนโด (First Jobber),CoolPure Smart 9000 BTU,8500,4,34000,4,1960,ไม่มีบริการ,0,35960,30.5,58.5,156.5,95.3,5322
CP-1697,2026-03-14,Shopee,ผู้เช่าหอพัก/คอนโด (นักศึกษา/คนทำงาน),CoolPure Smart 12000 BTU,10500,2,21000,6,2940,ไม่มีบริการ,0,23940,32.2,40.8,115.9,96.5,3882
CP-1698,2026-03-14,Shopee,ผู้เช่าหอพัก/คอนโด (นักศึกษา/คนทำงาน),CoolPure Smart 12000 BTU,10500,3,31500,3,1470,บริการล้างแอร์รายปี,500,33470,30.7,33.5,118.2,97.9,2759
CP-1699,2026-03-14,Direct Partnership (Condo),เจ้าของบ้าน/คอนโด (First Jobber),CoolPure Smart 12000 BTU,10500,3,31500,3,1470,ไม่มีบริการ,0,32970,31.8,49.4,128.5,91.2,3154
CP-1700,2026-03-15,Lazada,ผู้เช่าหอพัก/คอนโด (นักศึกษา/คนทำงาน),CoolPure Smart 9000 BTU,8500,7,59500,6,2940,ไม่มีบริการ,0,62440,31.0,56.6,341.6,99.1,5379
CP-1701,2026-03-16,Shopee,เจ้าของบ้าน/คอนโด (First Jobber),CoolPure Smart 9000 BTU,8500,6,51000,3,1470,บริการย้ายจุดติดตั้ง,1200,53670,26.8,63.2,350.8,96.6,3601
CP-1702,2026-03-17,Shopee,ผู้เช่าหอพัก/คอนโด (นักศึกษา/คนทำงาน),CoolPure Smart 12000 BTU,10500,6,63000,4,1960,บริการล้างแอร์รายปี,500,65460,30.6,58.4,265.3,93.3,2075
CP-1703,2026-03-19,Shopee,ผู้เช่าหอพัก/คอนโด (นักศึกษา/คนทำงาน),CoolPure Smart 9000 BTU,8500,1,8500,2,980,บริการล้างแอร์รายปี,500,9980,30.8,48.8,41.4,95.1,3776
CP-1704,2026-03-21,TikTok Shop,เจ้าของบ้าน/คอนโด (First Jobber),CoolPure Smart 9000 BTU,8500,8,68000,3,1470,บริการล้างแอร์รายปี,500,69970,31.1,69.0,342.0,91.6,1785
CP-1705,2026-03-21,Lazada,ผู้เช่าหอพัก/คอนโด (นักศึกษา/คนทำงาน),CoolPure Smart 9000 BTU,8500,2,17000,1,490,ไม่มีบริการ,0,17490,30.2,41.3,86.9,93.0,5126
CP-1706,2026-03-21,Lazada,เจ้าของบ้าน/คอนโด (First Jobber),CoolPure Smart 9000 BTU,8500,5,42500,2,980,ไม่มีบริการ,0,43480,29.7,85.1,201.5,92.5,4019
CP-1707,2026-03-21,Shopee,ผู้เช่าหอพัก/คอนโด (นักศึกษา/คนทำงาน),CoolPure Smart 12000 BTU,10500,4,42000,3,1470,บริการล้างแอร์รายปี,500,43970,32.3,55.7,256.1,94.7,2093
CP-1708,2026-03-22,Shopee,เจ้าของบ้าน/คอนโด (First Jobber),CoolPure Smart 12000 BTU,10500,5,52500,0,0,บริการล้างแอร์รายปี,500,53000,33.2,54.1,332.6,97.2,2019
CP-1709,2026-03-22,Shopee,ผู้เช่าหอพัก/คอนโด (นักศึกษา/คนทำงาน),CoolPure Smart 12000 BTU,10500,3,31500,5,2450,บริการล้างแอร์รายปี,500,34450,32.3,68.5,126.3,98.9,2218
CP-1710,2026-03-23,Shopee,เจ้าของบ้าน/คอนโด (First Jobber),CoolPure Smart 9000 BTU,8500,7,59500,3,1470,ไม่มีบริการ,0,60970,30.6,76.5,317.3,94.5,1556
CP-1711,2026-03-23,TikTok Shop,ผู้เช่าหอพัก/คอนโด (นักศึกษา/คนทำงาน),CoolPure Smart 12000 BTU,10500,7,73500,0,0,บริการล้างแอร์รายปี,500,74000,35.4,64.4,328.3,93.1,2715
CP-1712,2026-03-23,TikTok Shop,เจ้าของบ้าน/คอนโด (First Jobber),CoolPure Smart 9000 BTU,8500,4,34000,3,1470,ไม่มีบริการ,0,35470,34.2,51.0,152.0,92.8,5122
CP-1713,2026-03-24,Shopee,ผู้เช่าหอพัก/คอนโด (นักศึกษา/คนทำงาน),CoolPure Smart 9000 BTU,8500,6,51000,5,2450,ไม่มีบริการ,0,53450,30.9,41.0,372.4,91.3,1875
CP-1714,2026-03-25,Lazada,ผู้เช่าหอพัก/คอนโด (นักศึกษา/คนทำงาน),CoolPure Smart 12000 BTU,10500,6,63000,4,1960,บริการล้างแอร์รายปี,500,65460,30.8,59.7,372.0,97.7,4608
CP-1715,2026-03-25,Shopee,เจ้าของบ้าน/คอนโด (First Jobber),CoolPure Smart 12000 BTU,10500,5,52500,3,1470,ไม่มีบริการ,0,53970,32.3,71.7,295.7,94.4,2861
CP-1716,2026-03-26,Direct Partnership (Condo),ผู้เช่าหอพัก/คอนโด (นักศึกษา/คนทำงาน),CoolPure Smart 9000 BTU,8500,7,59500,4,1960,บริการล้างแอร์รายปี,500,61960,31.7,67.9,339.1,95.1,4754
CP-1717,2026-03-26,TikTok Shop,เจ้าของบ้าน/คอนโด (First Jobber),CoolPure Smart 12000 BTU,10500,3,31500,0,0,บริการล้างแอร์รายปี,500,32000,33.1,60.3,199.2,93.2,3040
CP-1718,2026-03-28,Direct Partnership (Condo),ผู้เช่าหอพัก/คอนโด (นักศึกษา/คนทำงาน),CoolPure Smart 12000 BTU,10500,2,21000,4,1960,บริการล้างแอร์รายปี,500,23460,32.6,54.5,106.4,96.9,4823
CP-1719,2026-03-28,Direct Partnership (Condo),เจ้าของบ้าน/คอนโด (First Jobber),CoolPure Smart 12000 BTU,10500,6,63000,1,490,บริการย้ายจุดติดตั้ง,1200,64690,32.3,52.3,271.3,93.5,4945
CP-1720,2026-03-29,TikTok Shop,เจ้าของบ้าน/คอนโด (First Jobber),CoolPure Smart 9000 BTU,8500,4,34000,4,1960,บริการล้างแอร์รายปี,500,36460,32.2,62.4,226.0,98.2,3626
CP-1721,2026-03-30,Shopee,ผู้เช่าหอพัก/คอนโด (นักศึกษา/คนทำงาน),CoolPure Smart 9000 BTU,8500,4,34000,1,490,ไม่มีบริการ,0,34490,31.1,51.0,194.3,93.8,3206
CP-1722,2026-04-01,TikTok Shop,เจ้าของบ้าน/คอนโด (First Jobber),CoolPure Smart 12000 BTU,10500,4,42000,1,490,ไม่มีบริการ,0,42490,33.9,57.6,182.5,96.6,2611
CP-1723,2026-04-01,Shopee,ผู้เช่าหอพัก/คอนโด (นักศึกษา/คนทำงาน),CoolPure Smart 12000 BTU,10500,3,31500,5,2450,บริการล้างแอร์รายปี,500,34450,29.5,60.1,198.3,98.2,2306
CP-1724,2026-04-02,TikTok Shop,เจ้าของบ้าน/คอนโด (First Jobber),CoolPure Smart 9000 BTU,8500,6,51000,5,2450,ไม่มีบริการ,0,53450,32.3,61.3,390.2,92.6,2550
CP-1725,2026-04-02,Lazada,ผู้เช่าหอพัก/คอนโด (นักศึกษา/คนทำงาน),CoolPure Smart 9000 BTU,8500,4,34000,4,1960,บริการย้ายจุดติดตั้ง,1200,37160,33.0,56.0,271.1,92.4,3721
CP-1726,2026-04-02,Direct Partnership (Condo),ผู้เช่าหอพัก/คอนโด (นักศึกษา/คนทำงาน),CoolPure Smart 12000 BTU,10500,4,42000,6,2940,ไม่มีบริการ,0,44940,30.9,59.1,209.4,96.4,5118
CP-1727,2026-04-03,TikTok Shop,เจ้าของบ้าน/คอนโด (First Jobber),CoolPure Smart 12000 BTU,10500,10,105000,2,980,บริการล้างแอร์รายปี,500,106480,35.0,59.9,371.2,99.1,5022
CP-1728,2026-04-03,Lazada,เจ้าของบ้าน/คอนโด (First Jobber),CoolPure Smart 9000 BTU,8500,3,25500,2,980,ไม่มีบริการ,0,26480,29.3,51.1,188.9,96.6,1834
CP-1729,2026-04-04,Shopee,ผู้เช่าหอพัก/คอนโด (นักศึกษา/คนทำงาน),CoolPure Smart 9000 BTU,8500,5,42500,5,2450,ไม่มีบริการ,0,44950,30.9,46.1,282.5,91.9,4390
CP-1730,2026-04-05,Lazada,เจ้าของบ้าน/คอนโด (First Jobber),CoolPure Smart 12000 BTU,10500,1,10500,4,1960,ไม่มีบริการ,0,12460,33.9,52.1,44.8,94.8,3010
CP-1731,2026-04-07,Shopee,ผู้เช่าหอพัก/คอนโด (นักศึกษา/คนทำงาน),CoolPure Smart 9000 BTU,8500,9,76500,2,980,ไม่มีบริการ,0,77480,32.4,49.4,425.0,97.4,4321
CP-1732,2026-04-09,Lazada,เจ้าของบ้าน/คอนโด (First Jobber),CoolPure Smart 9000 BTU,8500,3,25500,1,490,ไม่มีบริการ,0,25990,31.4,45.7,118.2,95.9,3436
CP-1733,2026-04-10,Shopee,ผู้เช่าหอพัก/คอนโด (นักศึกษา/คนทำงาน),CoolPure Smart 12000 BTU,10500,1,10500,3,1470,ไม่มีบริการ,0,11970,32.5,65.4,54.0,94.6,2545
CP-1734,2026-04-10,TikTok Shop,ผู้เช่าหอพัก/คอนโด (นักศึกษา/คนทำงาน),CoolPure Smart 12000 BTU,10500,1,10500,4,1960,ไม่มีบริการ,0,12460,29.2,60.4,36.6,95.6,2912
CP-1735,2026-04-10,TikTok Shop,ผู้เช่าหอพัก/คอนโด (นักศึกษา/คนทำงาน),CoolPure Smart 9000 BTU,8500,3,25500,1,490,ไม่มีบริการ,0,25990,30.9,42.3,181.4,99.4,4027
CP-1736,2026-04-11,Lazada,ผู้เช่าหอพัก/คอนโด (นักศึกษา/คนทำงาน),CoolPure Smart 9000 BTU,8500,4,34000,3,1470,ไม่มีบริการ,0,35470,30.0,44.5,188.0,96.4,3678
CP-1737,2026-04-11,Direct Partnership (Condo),เจ้าของบ้าน/คอนโด (First Jobber),CoolPure Smart 9000 BTU,8500,2,17000,5,2450,ไม่มีบริการ,0,19450,31.4,43.8,93.8,95.4,5126
CP-1738,2026-04-11,Lazada,ผู้เช่าหอพัก/คอนโด (นักศึกษา/คนทำงาน),CoolPure Smart 12000 BTU,10500,3,31500,2,980,ไม่มีบริการ,0,32480,28.8,71.1,156.0,96.2,3464
CP-1739,2026-04-12,Lazada,ผู้เช่าหอพัก/คอนโด (นักศึกษา/คนทำงาน),CoolPure Smart 9000 BTU,8500,6,51000,2,980,ไม่มีบริการ,0,51980,33.9,38.5,276.7,93.8,2155
CP-1740,2026-04-12,Lazada,เจ้าของบ้าน/คอนโด (First Jobber),CoolPure Smart 9000 BTU,8500,6,51000,1,490,ไม่มีบริการ,0,51490,31.4,49.8,267.8,95.2,5476
CP-1741,2026-04-12,TikTok Shop,ผู้เช่าหอพัก/คอนโด (นักศึกษา/คนทำงาน),CoolPure Smart 12000 BTU,10500,5,52500,3,1470,ไม่มีบริการ,0,53970,30.2,64.8,221.2,96.1,3920
CP-1742,2026-04-12,TikTok Shop,ผู้เช่าหอพัก/คอนโด (นักศึกษา/คนทำงาน),CoolPure Smart 12000 BTU,10500,1,10500,2,980,ไม่มีบริการ,0,11480,31.1,62.7,61.1,96.6,4584
CP-1743,2026-04-13,TikTok Shop,เจ้าของบ้าน/คอนโด (First Jobber),CoolPure Smart 12000 BTU,10500,2,21000,2,980,บริการล้างแอร์รายปี,500,22480,31.6,68.6,125.5,95.7,2087
CP-1744,2026-04-14,Shopee,ผู้เช่าหอพัก/คอนโด (นักศึกษา/คนทำงาน),CoolPure Smart 9000 BTU,8500,1,8500,1,490,ไม่มีบริการ,0,8990,32.1,44.8,47.8,98.6,3903
CP-1745,2026-04-14,Lazada,ผู้เช่าหอพัก/คอนโด (นักศึกษา/คนทำงาน),CoolPure Smart 12000 BTU,10500,5,52500,2,980,ไม่มีบริการ,0,53480,30.4,49.9,241.1,97.5,3932
CP-1746,2026-04-15,Shopee,เจ้าของบ้าน/คอนโด (First Jobber),CoolPure Smart 12000 BTU,10500,2,21000,6,2940,ไม่มีบริการ,0,23940,32.7,48.0,88.1,92.2,1582
CP-1747,2026-04-16,TikTok Shop,ผู้เช่าหอพัก/คอนโด (นักศึกษา/คนทำงาน),CoolPure Smart 9000 BTU,8500,1,8500,2,980,ไม่มีบริการ,0,9480,29.7,44.2,63.0,95.9,1772
CP-1748,2026-04-16,Shopee,ผู้เช่าหอพัก/คอนโด (นักศึกษา/คนทำงาน),CoolPure Smart 12000 BTU,10500,2,21000,4,1960,บริการย้ายจุดติดตั้ง,1200,24160,35.3,38.7,96.1,91.9,2072
CP-1749,2026-04-17,Direct Partnership (Condo),ผู้เช่าหอพัก/คอนโด (นักศึกษา/คนทำงาน),CoolPure Smart 9000 BTU,8500,1,8500,0,0,ไม่มีบริการ,0,8500,28.7,84.3,38.5,91.9,2190
CP-1750,2026-04-18,TikTok Shop,เจ้าของบ้าน/คอนโด (First Jobber),CoolPure Smart 12000 BTU,10500,3,31500,1,490,ไม่มีบริการ,0,31990,31.4,56.4,162.6,91.6,3326
CP-1751,2026-04-18,TikTok Shop,ผู้เช่าหอพัก/คอนโด (นักศึกษา/คนทำงาน),CoolPure Smart 9000 BTU,8500,3,25500,8,3920,บริการล้างแอร์รายปี,500,29920,31.6,67.3,208.7,96.4,1958
CP-1752,2026-04-18,Shopee,ผู้เช่าหอพัก/คอนโด (นักศึกษา/คนทำงาน),CoolPure Smart 9000 BTU,8500,4,34000,5,2450,ไม่มีบริการ,0,36450,32.4,57.4,148.5,92.6,2337
CP-1753,2026-04-19,TikTok Shop,ผู้เช่าหอพัก/คอนโด (นักศึกษา/คนทำงาน),CoolPure Smart 9000 BTU,8500,4,34000,4,1960,ไม่มีบริการ,0,35960,31.9,46.2,220.7,91.3,3235
CP-1754,2026-04-20,Direct Partnership (Condo),เจ้าของบ้าน/คอนโด (First Jobber),CoolPure Smart 9000 BTU,8500,7,59500,0,0,บริการล้างแอร์รายปี,500,60000,29.9,50.1,331.7,99.3,1604
CP-1755,2026-04-20,Lazada,ผู้เช่าหอพัก/คอนโด (นักศึกษา/คนทำงาน),CoolPure Smart 12000 BTU,10500,3,31500,3,1470,บริการย้ายจุดติดตั้ง,1200,34170,30.3,39.8,174.6,98.3,4357
CP-1756,2026-04-20,TikTok Shop,ผู้เช่าหอพัก/คอนโด (นักศึกษา/คนทำงาน),CoolPure Smart 9000 BTU,8500,4,34000,5,2450,ไม่มีบริการ,0,36450,32.6,55.5,161.5,92.3,1888
CP-1757,2026-04-20,Lazada,เจ้าของบ้าน/คอนโด (First Jobber),CoolPure Smart 9000 BTU,8500,4,34000,6,2940,ไม่มีบริการ,0,36940,33.3,51.0,263.9,96.1,2991
CP-1758,2026-04-22,Shopee,ผู้เช่าหอพัก/คอนโด (นักศึกษา/คนทำงาน),CoolPure Smart 12000 BTU,10500,2,21000,3,1470,บริการย้ายจุดติดตั้ง,1200,23670,31.4,47.9,81.1,92.6,1796
CP-1759,2026-04-22,Direct Partnership (Condo),เจ้าของบ้าน/คอนโด (First Jobber),CoolPure Smart 9000 BTU,8500,5,42500,4,1960,บริการล้างแอร์รายปี,500,44960,31.4,50.0,220.8,98.4,3646
CP-1760,2026-04-22,Lazada,ผู้เช่าหอพัก/คอนโด (นักศึกษา/คนทำงาน),CoolPure Smart 12000 BTU,10500,6,63000,4,1960,ไม่มีบริการ,0,64960,30.4,62.0,362.3,98.7,3677
CP-1761,2026-04-22,Shopee,ผู้เช่าหอพัก/คอนโด (นักศึกษา/คนทำงาน),CoolPure Smart 9000 BTU,8500,7,59500,3,1470,ไม่มีบริการ,0,60970,29.2,31.5,324.6,94.3,4482
CP-1762,2026-04-23,TikTok Shop,เจ้าของบ้าน/คอนโด (First Jobber),CoolPure Smart 9000 BTU,8500,4,34000,1,490,บริการล้างแอร์รายปี,500,34990,30.0,53.4,171.9,96.7,4789
CP-1763,2026-04-24,Lazada,เจ้าของบ้าน/คอนโด (First Jobber),CoolPure Smart 9000 BTU,8500,2,17000,3,1470,ไม่มีบริการ,0,18470,31.4,32.6,139.2,91.5,2395
CP-1764,2026-04-24,Shopee,ผู้เช่าหอพัก/คอนโด (นักศึกษา/คนทำงาน),CoolPure Smart 9000 BTU,8500,8,68000,4,1960,บริการล้างแอร์รายปี,500,70460,29.6,73.9,307.0,97.6,4476
CP-1765,2026-04-26,Lazada,ผู้เช่าหอพัก/คอนโด (นักศึกษา/คนทำงาน),CoolPure Smart 12000 BTU,10500,3,31500,4,1960,ไม่มีบริการ,0,33460,31.8,58.3,179.8,96.9,3877
CP-1766,2026-04-28,TikTok Shop,เจ้าของบ้าน/คอนโด (First Jobber),CoolPure Smart 9000 BTU,8500,2,17000,9,4410,ไม่มีบริการ,0,21410,31.1,60.9,75.8,97.5,3781
CP-1767,2026-04-28,Shopee,ผู้เช่าหอพัก/คอนโด (นักศึกษา/คนทำงาน),CoolPure Smart 12000 BTU,10500,3,31500,2,980,บริการล้างแอร์รายปี,500,32980,33.7,67.7,144.7,99.2,4454
CP-1768,2026-04-29,TikTok Shop,เจ้าของบ้าน/คอนโด (First Jobber),CoolPure Smart 9000 BTU,8500,3,25500,3,1470,ไม่มีบริการ,0,26970,32.5,54.7,126.9,91.8,5144
CP-1769,2026-04-30,Shopee,ผู้เช่าหอพัก/คอนโด (นักศึกษา/คนทำงาน),CoolPure Smart 9000 BTU,8500,2,17000,3,1470,ไม่มีบริการ,0,18470,29.3,33.0,105.5,92.1,5477
CP-1770,2026-04-30,Shopee,เจ้าของบ้าน/คอนโด (First Jobber),CoolPure Smart 9000 BTU,8500,4,34000,3,1470,ไม่มีบริการ,0,35470,32.6,42.4,156.8,97.9,1699
CP-1771,2026-05-01,TikTok Shop,เจ้าของบ้าน/คอนโด (First Jobber),CoolPure Smart 9000 BTU,8500,1,8500,1,490,บริการล้างแอร์รายปี,500,9490,32.4,44.1,49.6,91.4,2940
CP-1772,2026-05-01,TikTok Shop,ผู้เช่าหอพัก/คอนโด (นักศึกษา/คนทำงาน),CoolPure Smart 12000 BTU,10500,4,42000,1,490,ไม่มีบริการ,0,42490,31.5,46.4,248.1,93.2,4244
CP-1773,2026-05-02,TikTok Shop,เจ้าของบ้าน/คอนโด (First Jobber),CoolPure Smart 9000 BTU,8500,1,8500,1,490,ไม่มีบริการ,0,8990,32.7,10.0,52.1,96.7,3825
CP-1774,2026-05-02,Direct Partnership (Condo),เจ้าของบ้าน/คอนโด (First Jobber),CoolPure Smart 12000 BTU,10500,2,21000,3,1470,ไม่มีบริการ,0,22470,30.2,44.8,81.0,91.3,3032
CP-1775,2026-05-02,Shopee,ผู้เช่าหอพัก/คอนโด (นักศึกษา/คนทำงาน),CoolPure Smart 9000 BTU,8500,1,8500,2,980,ไม่มีบริการ,0,9480,31.0,31.9,56.0,94.7,2184
CP-1776,2026-05-02,Shopee,เจ้าของบ้าน/คอนโด (First Jobber),CoolPure Smart 12000 BTU,10500,4,42000,1,490,บริการล้างแอร์รายปี,500,42990,28.5,36.3,219.8,97.7,2931
CP-1777,2026-05-03,Direct Partnership (Condo),ผู้เช่าหอพัก/คอนโด (นักศึกษา/คนทำงาน),CoolPure Smart 9000 BTU,8500,3,25500,2,980,บริการล้างแอร์รายปี,500,26980,32.7,10.4,127.7,96.1,1510
CP-1778,2026-05-03,Shopee,ผู้เช่าหอพัก/คอนโด (นักศึกษา/คนทำงาน),CoolPure Smart 9000 BTU,8500,3,25500,1,490,บริการย้ายจุดติดตั้ง,1200,27190,35.1,15.9,191.6,93.5,5350
CP-1779,2026-05-05,Lazada,เจ้าของบ้าน/คอนโด (First Jobber),CoolPure Smart 9000 BTU,8500,8,68000,3,1470,บริการย้ายจุดติดตั้ง,1200,70670,31.5,45.1,520.0,96.3,4289
CP-1780,2026-05-06,Lazada,เจ้าของบ้าน/คอนโด (First Jobber),CoolPure Smart 9000 BTU,8500,8,68000,1,490,ไม่มีบริการ,0,68490,34.7,28.3,475.4,99.0,3767
CP-1781,2026-05-06,Shopee,ผู้เช่าหอพัก/คอนโด (นักศึกษา/คนทำงาน),CoolPure Smart 9000 BTU,8500,2,17000,2,980,ไม่มีบริการ,0,17980,28.9,35.0,118.6,98.9,1976
CP-1782,2026-05-07,TikTok Shop,ผู้เช่าหอพัก/คอนโด (นักศึกษา/คนทำงาน),CoolPure Smart 9000 BTU,8500,2,17000,3,1470,บริการล้างแอร์รายปี,500,18970,30.7,22.3,129.5,95.0,4940
CP-1783,2026-05-07,Lazada,เจ้าของบ้าน/คอนโด (First Jobber),CoolPure Smart 9000 BTU,8500,6,51000,0,0,ไม่มีบริการ,0,51000,31.6,31.3,267.9,96.8,2406
CP-1784,2026-05-07,Lazada,เจ้าของบ้าน/คอนโด (First Jobber),CoolPure Smart 9000 BTU,8500,1,8500,1,490,ไม่มีบริการ,0,8990,28.8,10.0,69.3,93.0,1621
CP-1785,2026-05-08,Lazada,เจ้าของบ้าน/คอนโด (First Jobber),CoolPure Smart 12000 BTU,10500,4,42000,4,1960,ไม่มีบริการ,0,43960,31.4,45.0,272.1,95.6,2913
CP-1786,2026-05-08,Lazada,เจ้าของบ้าน/คอนโด (First Jobber),CoolPure Smart 9000 BTU,8500,7,59500,2,980,ไม่มีบริการ,0,60480,29.6,27.5,438.1,91.5,2201
CP-1787,2026-05-09,Shopee,เจ้าของบ้าน/คอนโด (First Jobber),CoolPure Smart 9000 BTU,8500,3,25500,3,1470,บริการล้างแอร์รายปี,500,27470,33.0,17.2,164.2,91.3,2767
CP-1788,2026-05-12,Shopee,ผู้เช่าหอพัก/คอนโด (นักศึกษา/คนทำงาน),CoolPure Smart 12000 BTU,10500,2,21000,2,980,บริการล้างแอร์รายปี,500,22480,33.5,23.9,135.8,95.0,3271
CP-1789,2026-05-12,Lazada,เจ้าของบ้าน/คอนโด (First Jobber),CoolPure Smart 9000 BTU,8500,3,25500,2,980,ไม่มีบริการ,0,26480,32.3,35.6,203.3,93.7,3432
CP-1790,2026-05-12,Shopee,ผู้เช่าหอพัก/คอนโด (นักศึกษา/คนทำงาน),CoolPure Smart 9000 BTU,8500,4,34000,1,490,บริการย้ายจุดติดตั้ง,1200,35690,29.7,34.8,261.1,94.8,2796
CP-1791,2026-05-13,TikTok Shop,ผู้เช่าหอพัก/คอนโด (นักศึกษา/คนทำงาน),CoolPure Smart 9000 BTU,8500,5,42500,2,980,ไม่มีบริการ,0,43480,31.3,22.1,215.1,95.9,4609
CP-1792,2026-05-13,TikTok Shop,เจ้าของบ้าน/คอนโด (First Jobber),CoolPure Smart 9000 BTU,8500,3,25500,3,1470,ไม่มีบริการ,0,26970,34.5,33.6,120.3,91.4,2272
CP-1793,2026-05-14,Shopee,ผู้เช่าหอพัก/คอนโด (นักศึกษา/คนทำงาน),CoolPure Smart 9000 BTU,8500,6,51000,1,490,ไม่มีบริการ,0,51490,30.7,33.0,355.4,94.3,1561
CP-1794,2026-05-14,Shopee,ผู้เช่าหอพัก/คอนโด (นักศึกษา/คนทำงาน),CoolPure Smart 12000 BTU,10500,5,52500,4,1960,ไม่มีบริการ,0,54460,32.0,13.8,293.0,94.3,3789
CP-1795,2026-05-15,Lazada,เจ้าของบ้าน/คอนโด (First Jobber),CoolPure Smart 9000 BTU,8500,3,25500,3,1470,บริการล้างแอร์รายปี,500,27470,33.6,16.7,181.9,94.2,2696
CP-1796,2026-05-16,Shopee,เจ้าของบ้าน/คอนโด (First Jobber),CoolPure Smart 9000 BTU,8500,4,34000,1,490,บริการล้างแอร์รายปี,500,34990,30.9,35.1,223.7,93.3,2464
CP-1797,2026-05-18,TikTok Shop,ผู้เช่าหอพัก/คอนโด (นักศึกษา/คนทำงาน),CoolPure Smart 9000 BTU,8500,3,25500,2,980,ไม่มีบริการ,0,26480,31.5,23.1,140.1,91.0,3989
CP-1798,2026-05-19,Lazada,ผู้เช่าหอพัก/คอนโด (นักศึกษา/คนทำงาน),CoolPure Smart 9000 BTU,8500,4,34000,4,1960,ไม่มีบริการ,0,35960,32.2,14.4,200.4,95.3,3709
CP-1799,2026-05-20,Shopee,เจ้าของบ้าน/คอนโด (First Jobber),CoolPure Smart 9000 BTU,8500,2,17000,2,980,บริการย้ายจุดติดตั้ง,1200,19180,33.3,32.1,88.9,95.7,5479
CP-1800,2026-05-20,TikTok Shop,เจ้าของบ้าน/คอนโด (First Jobber),CoolPure Smart 9000 BTU,8500,2,17000,0,0,บริการล้างแอร์รายปี,500,17500,33.9,39.5,114.7,98.7,2758
CP-1801,2026-05-20,TikTok Shop,เจ้าของบ้าน/คอนโด (First Jobber),CoolPure Smart 12000 BTU,10500,5,52500,0,0,ไม่มีบริการ,0,52500,31.3,36.9,216.6,99.3,5318
CP-1802,2026-05-20,Shopee,ผู้เช่าหอพัก/คอนโด (นักศึกษา/คนทำงาน),CoolPure Smart 9000 BTU,8500,6,51000,3,1470,บริการล้างแอร์รายปี,500,52970,31.7,25.2,255.5,96.2,4653
CP-1803,2026-05-22,Direct Partnership (Condo),เจ้าของบ้าน/คอนโด (First Jobber),CoolPure Smart 12000 BTU,10500,3,31500,4,1960,ไม่มีบริการ,0,33460,35.5,37.0,110.9,94.9,2219
CP-1804,2026-05-23,Shopee,ผู้เช่าหอพัก/คอนโด (นักศึกษา/คนทำงาน),CoolPure Smart 12000 BTU,10500,4,42000,4,1960,ไม่มีบริการ,0,43960,32.5,27.4,235.4,99.0,2619
CP-1805,2026-05-23,Direct Partnership (Condo),เจ้าของบ้าน/คอนโด (First Jobber),CoolPure Smart 12000 BTU,10500,3,31500,2,980,ไม่มีบริการ,0,32480,31.7,10.0,147.6,95.9,5167
CP-1806,2026-05-23,Shopee,เจ้าของบ้าน/คอนโด (First Jobber),CoolPure Smart 12000 BTU,10500,1,10500,0,0,บริการล้างแอร์รายปี,500,11000,32.3,28.7,62.7,92.1,2647
CP-1807,2026-05-23,Lazada,ผู้เช่าหอพัก/คอนโด (นักศึกษา/คนทำงาน),CoolPure Smart 12000 BTU,10500,3,31500,0,0,บริการย้ายจุดติดตั้ง,1200,32700,30.9,36.4,193.0,96.4,1897
CP-1808,2026-05-24,Shopee,ผู้เช่าหอพัก/คอนโด (นักศึกษา/คนทำงาน),CoolPure Smart 12000 BTU,10500,4,42000,3,1470,ไม่มีบริการ,0,43470,32.0,35.2,187.1,99.1,3549
CP-1809,2026-05-24,Shopee,ผู้เช่าหอพัก/คอนโด (นักศึกษา/คนทำงาน),CoolPure Smart 9000 BTU,8500,3,25500,0,0,ไม่มีบริการ,0,25500,33.0,44.6,127.6,96.3,2843
CP-1810,2026-05-25,TikTok Shop,ผู้เช่าหอพัก/คอนโด (นักศึกษา/คนทำงาน),CoolPure Smart 9000 BTU,8500,1,8500,1,490,ไม่มีบริการ,0,8990,31.5,14.8,54.7,92.0,4648
CP-1811,2026-05-28,Shopee,เจ้าของบ้าน/คอนโด (First Jobber),CoolPure Smart 12000 BTU,10500,3,31500,2,980,ไม่มีบริการ,0,32480,31.4,32.6,177.5,98.9,2586
CP-1812,2026-05-31,Lazada,เจ้าของบ้าน/คอนโด (First Jobber),CoolPure Smart 12000 BTU,10500,3,31500,1,490,บริการล้างแอร์รายปี,500,32490,31.8,42.4,177.6,96.8,1852
CP-1813,2026-06-01,Direct Partnership (Condo),เจ้าของบ้าน/คอนโด (First Jobber),CoolPure Smart 12000 BTU,10500,1,10500,3,1470,ไม่มีบริการ,0,11970,29.5,33.2,43.4,97.3,4179
CP-1814,2026-06-01,Shopee,ผู้เช่าหอพัก/คอนโด (นักศึกษา/คนทำงาน),CoolPure Smart 9000 BTU,8500,2,17000,1,490,ไม่มีบริการ,0,17490,32.2,10.5,79.6,93.6,3318
CP-1815,2026-06-02,Direct Partnership (Condo),เจ้าของบ้าน/คอนโด (First Jobber),CoolPure Smart 12000 BTU,10500,4,42000,3,1470,บริการล้างแอร์รายปี,500,43970,27.1,38.4,192.0,93.1,5408
CP-1816,2026-06-03,TikTok Shop,ผู้เช่าหอพัก/คอนโด (นักศึกษา/คนทำงาน),CoolPure Smart 12000 BTU,10500,2,21000,6,2940,ไม่มีบริการ,0,23940,28.4,34.6,56.1,97.7,2957
CP-1817,2026-06-03,TikTok Shop,เจ้าของบ้าน/คอนโด (First Jobber),CoolPure Smart 12000 BTU,10500,1,10500,4,1960,ไม่มีบริการ,0,12460,29.1,38.1,39.1,91.5,2319
CP-1818,2026-06-05,Shopee,เจ้าของบ้าน/คอนโด (First Jobber),CoolPure Smart 9000 BTU,8500,1,8500,1,490,ไม่มีบริการ,0,8990,28.7,27.8,25.8,94.0,4815
CP-1819,2026-06-05,TikTok Shop,ผู้เช่าหอพัก/คอนโด (นักศึกษา/คนทำงาน),CoolPure Smart 9000 BTU,8500,5,42500,4,1960,บริการย้ายจุดติดตั้ง,1200,45660,31.8,13.3,181.1,91.7,2117
CP-1820,2026-06-05,Lazada,ผู้เช่าหอพัก/คอนโด (นักศึกษา/คนทำงาน),CoolPure Smart 9000 BTU,8500,2,17000,2,980,ไม่มีบริการ,0,17980,29.3,18.0,70.9,94.0,5094
CP-1821,2026-06-06,Shopee,เจ้าของบ้าน/คอนโด (First Jobber),CoolPure Smart 9000 BTU,8500,1,8500,0,0,ไม่มีบริการ,0,8500,29.3,36.7,34.2,94.7,2113
CP-1822,2026-06-06,Direct Partnership (Condo),ผู้เช่าหอพัก/คอนโด (นักศึกษา/คนทำงาน),CoolPure Smart 9000 BTU,8500,2,17000,3,1470,ไม่มีบริการ,0,18470,28.4,26.5,69.7,98.0,5355
CP-1823,2026-06-06,Lazada,เจ้าของบ้าน/คอนโด (First Jobber),CoolPure Smart 9000 BTU,8500,1,8500,3,1470,บริการย้ายจุดติดตั้ง,1200,11170,30.0,32.4,43.8,99.0,4346
CP-1824,2026-06-07,Shopee,ผู้เช่าหอพัก/คอนโด (นักศึกษา/คนทำงาน),CoolPure Smart 9000 BTU,8500,3,25500,1,490,บริการย้ายจุดติดตั้ง,1200,27190,27.2,13.9,127.9,91.5,3298
CP-1825,2026-06-07,TikTok Shop,ผู้เช่าหอพัก/คอนโด (นักศึกษา/คนทำงาน),CoolPure Smart 9000 BTU,8500,1,8500,3,1470,บริการล้างแอร์รายปี,500,10470,30.3,36.8,31.2,95.0,5376
CP-1826,2026-06-07,Direct Partnership (Condo),เจ้าของบ้าน/คอนโด (First Jobber),CoolPure Smart 9000 BTU,8500,1,8500,2,980,บริการล้างแอร์รายปี,500,9980,28.7,23.1,45.3,98.4,2936
CP-1827,2026-06-08,TikTok Shop,เจ้าของบ้าน/คอนโด (First Jobber),CoolPure Smart 12000 BTU,10500,2,21000,3,1470,บริการย้ายจุดติดตั้ง,1200,23670,28.6,19.0,65.8,92.3,2044
CP-1828,2026-06-09,TikTok Shop,เจ้าของบ้าน/คอนโด (First Jobber),CoolPure Smart 9000 BTU,8500,3,25500,1,490,ไม่มีบริการ,0,25990,30.4,24.4,126.1,97.2,1570
CP-1829,2026-06-09,Lazada,เจ้าของบ้าน/คอนโด (First Jobber),CoolPure Smart 12000 BTU,10500,1,10500,0,0,ไม่มีบริการ,0,10500,32.1,37.8,28.6,91.7,5197
CP-1830,2026-06-09,Lazada,ผู้เช่าหอพัก/คอนโด (นักศึกษา/คนทำงาน),CoolPure Smart 12000 BTU,10500,4,42000,4,1960,บริการล้างแอร์รายปี,500,44460,29.8,35.1,182.4,91.5,3219
CP-1831,2026-06-09,TikTok Shop,เจ้าของบ้าน/คอนโด (First Jobber),CoolPure Smart 12000 BTU,10500,1,10500,2,980,บริการล้างแอร์รายปี,500,11980,28.6,32.9,33.7,95.4,2007
CP-1832,2026-06-10,Shopee,เจ้าของบ้าน/คอนโด (First Jobber),CoolPure Smart 12000 BTU,10500,1,10500,1,490,บริการย้ายจุดติดตั้ง,1200,12190,31.6,38.7,25.0,96.5,1861
CP-1833,2026-06-13,TikTok Shop,ผู้เช่าหอพัก/คอนโด (นักศึกษา/คนทำงาน),CoolPure Smart 9000 BTU,8500,2,17000,1,490,บริการย้ายจุดติดตั้ง,1200,18690,30.6,30.4,74.3,92.0,3746
CP-1834,2026-06-14,TikTok Shop,ผู้เช่าหอพัก/คอนโด (นักศึกษา/คนทำงาน),CoolPure Smart 9000 BTU,8500,2,17000,0,0,ไม่มีบริการ,0,17000,26.6,21.8,50.1,95.1,1948
CP-1835,2026-06-15,Lazada,ผู้เช่าหอพัก/คอนโด (นักศึกษา/คนทำงาน),CoolPure Smart 9000 BTU,8500,1,8500,2,980,บริการล้างแอร์รายปี,500,9980,27.6,27.9,43.4,96.3,3561
CP-1836,2026-06-16,Shopee,เจ้าของบ้าน/คอนโด (First Jobber),CoolPure Smart 9000 BTU,8500,3,25500,1,490,บริการล้างแอร์รายปี,500,26490,30.9,44.2,97.1,98.6,3724
CP-1837,2026-06-16,Lazada,เจ้าของบ้าน/คอนโด (First Jobber),CoolPure Smart 9000 BTU,8500,3,25500,1,490,ไม่มีบริการ,0,25990,29.1,31.5,136.1,98.0,1895
CP-1838,2026-06-17,TikTok Shop,ผู้เช่าหอพัก/คอนโด (นักศึกษา/คนทำงาน),CoolPure Smart 12000 BTU,10500,4,42000,0,0,บริการล้างแอร์รายปี,500,42500,30.0,32.0,105.1,98.3,3875
CP-1839,2026-06-17,Lazada,ผู้เช่าหอพัก/คอนโด (นักศึกษา/คนทำงาน),CoolPure Smart 12000 BTU,10500,2,21000,3,1470,บริการล้างแอร์รายปี,500,22970,29.4,42.5,69.8,98.1,3854
CP-1840,2026-06-17,Direct Partnership (Condo),ผู้เช่าหอพัก/คอนโด (นักศึกษา/คนทำงาน),CoolPure Smart 9000 BTU,8500,3,25500,3,1470,ไม่มีบริการ,0,26970,30.7,50.2,98.0,92.3,3450
CP-1841,2026-06-19,Lazada,เจ้าของบ้าน/คอนโด (First Jobber),CoolPure Smart 12000 BTU,10500,4,42000,0,0,ไม่มีบริการ,0,42000,30.6,18.2,185.1,95.5,4668
CP-1842,2026-06-20,Lazada,เจ้าของบ้าน/คอนโด (First Jobber),CoolPure Smart 12000 BTU,10500,3,31500,1,490,ไม่มีบริการ,0,31990,31.4,48.7,121.4,94.9,3155
CP-1843,2026-06-21,Direct Partnership (Condo),ผู้เช่าหอพัก/คอนโด (นักศึกษา/คนทำงาน),CoolPure Smart 12000 BTU,10500,7,73500,2,980,ไม่มีบริการ,0,74480,31.1,36.6,276.5,99.0,3469
CP-1844,2026-06-22,Lazada,ผู้เช่าหอพัก/คอนโด (นักศึกษา/คนทำงาน),CoolPure Smart 9000 BTU,8500,2,17000,0,0,บริการล้างแอร์รายปี,500,17500,28.9,24.8,57.7,91.0,5390
CP-1845,2026-06-23,TikTok Shop,ผู้เช่าหอพัก/คอนโด (นักศึกษา/คนทำงาน),CoolPure Smart 9000 BTU,8500,1,8500,1,490,บริการล้างแอร์รายปี,500,9490,29.6,32.7,37.1,92.9,1526
CP-1846,2026-06-23,Lazada,เจ้าของบ้าน/คอนโด (First Jobber),CoolPure Smart 9000 BTU,8500,1,8500,1,490,ไม่มีบริการ,0,8990,31.5,27.2,41.1,94.8,3579
CP-1847,2026-06-23,Shopee,เจ้าของบ้าน/คอนโด (First Jobber),CoolPure Smart 12000 BTU,10500,2,21000,1,490,บริการล้างแอร์รายปี,500,21990,28.7,39.5,51.7,94.7,3984
CP-1848,2026-06-23,Shopee,เจ้าของบ้าน/คอนโด (First Jobber),CoolPure Smart 9000 BTU,8500,4,34000,1,490,ไม่มีบริการ,0,34490,30.8,25.8,187.2,99.8,1633
CP-1849,2026-06-23,Lazada,ผู้เช่าหอพัก/คอนโด (นักศึกษา/คนทำงาน),CoolPure Smart 9000 BTU,8500,2,17000,2,980,บริการย้ายจุดติดตั้ง,1200,19180,27.8,29.6,84.0,91.1,4740
CP-1850,2026-06-24,TikTok Shop,ผู้เช่าหอพัก/คอนโด (นักศึกษา/คนทำงาน),CoolPure Smart 12000 BTU,10500,3,31500,3,1470,ไม่มีบริการ,0,32970,27.5,58.4,99.8,93.4,4398
CP-1851,2026-06-24,Shopee,เจ้าของบ้าน/คอนโด (First Jobber),CoolPure Smart 12000 BTU,10500,5,52500,6,2940,ไม่มีบริการ,0,55440,32.1,18.0,213.4,94.0,4055
CP-1852,2026-06-25,Direct Partnership (Condo),ผู้เช่าหอพัก/คอนโด (นักศึกษา/คนทำงาน),CoolPure Smart 9000 BTU,8500,4,34000,1,490,บริการย้ายจุดติดตั้ง,1200,35690,31.4,21.7,170.2,99.7,2986
CP-1853,2026-06-26,TikTok Shop,ผู้เช่าหอพัก/คอนโด (นักศึกษา/คนทำงาน),CoolPure Smart 12000 BTU,10500,1,10500,2,980,บริการล้างแอร์รายปี,500,11980,29.5,20.5,43.8,99.1,2618
CP-1854,2026-06-26,Shopee,เจ้าของบ้าน/คอนโด (First Jobber),CoolPure Smart 9000 BTU,8500,1,8500,4,1960,ไม่มีบริการ,0,10460,29.5,36.8,45.6,94.4,2770
CP-1855,2026-06-26,Shopee,ผู้เช่าหอพัก/คอนโด (นักศึกษา/คนทำงาน),CoolPure Smart 12000 BTU,10500,5,52500,3,1470,ไม่มีบริการ,0,53970,30.6,45.5,167.5,95.2,1735
CP-1856,2026-06-27,Lazada,ผู้เช่าหอพัก/คอนโด (นักศึกษา/คนทำงาน),CoolPure Smart 12000 BTU,10500,3,31500,3,1470,บริการย้ายจุดติดตั้ง,1200,34170,29.6,19.4,105.8,98.6,4888
CP-1857,2026-06-27,Shopee,เจ้าของบ้าน/คอนโด (First Jobber),CoolPure Smart 12000 BTU,10500,3,31500,0,0,บริการล้างแอร์รายปี,500,32000,32.4,32.7,109.1,96.1,2358
CP-1858,2026-06-28,TikTok Shop,ผู้เช่าหอพัก/คอนโด (นักศึกษา/คนทำงาน),CoolPure Smart 9000 BTU,8500,5,42500,1,490,บริการล้างแอร์รายปี,500,43490,29.5,12.4,146.4,92.2,5379
CP-1859,2026-06-28,Lazada,ผู้เช่าหอพัก/คอนโด (นักศึกษา/คนทำงาน),CoolPure Smart 9000 BTU,8500,4,34000,2,980,บริการย้ายจุดติดตั้ง,1200,36180,28.4,28.0,136.7,98.9,2610
CP-1860,2026-06-30,Lazada,เจ้าของบ้าน/คอนโด (First Jobber),CoolPure Smart 9000 BTU,8500,2,17000,1,490,ไม่มีบริการ,0,17490,28.2,10.0,81.1,99.6,3365
CP-1861,2026-06-30,TikTok Shop,ผู้เช่าหอพัก/คอนโด (นักศึกษา/คนทำงาน),CoolPure Smart 9000 BTU,8500,3,25500,4,1960,ไม่มีบริการ,0,27460,33.2,31.6,126.2,95.9,5231
CP-1862,2026-07-01,Shopee,เจ้าของบ้าน/คอนโด (First Jobber),CoolPure Smart 9000 BTU,8500,2,17000,4,1960,ไม่มีบริการ,0,18960,29.0,37.6,62.2,98.6,4763
CP-1863,2026-07-03,Lazada,เจ้าของบ้าน/คอนโด (First Jobber),CoolPure Smart 9000 BTU,8500,6,51000,4,1960,ไม่มีบริการ,0,52960,29.5,32.8,194.4,95.9,4781
CP-1864,2026-07-03,Direct Partnership (Condo),ผู้เช่าหอพัก/คอนโด (นักศึกษา/คนทำงาน),CoolPure Smart 9000 BTU,8500,1,8500,1,490,บริการล้างแอร์รายปี,500,9490,30.8,42.5,39.8,99.8,2420
CP-1865,2026-07-03,Shopee,เจ้าของบ้าน/คอนโด (First Jobber),CoolPure Smart 12000 BTU,10500,1,10500,2,980,ไม่มีบริการ,0,11480,28.9,37.7,29.7,94.5,5205
CP-1866,2026-07-04,Shopee,เจ้าของบ้าน/คอนโด (First Jobber),CoolPure Smart 9000 BTU,8500,2,17000,3,1470,บริการย้ายจุดติดตั้ง,1200,19670,27.7,33.8,66.7,91.0,4265
CP-1867,2026-07-04,Shopee,ผู้เช่าหอพัก/คอนโด (นักศึกษา/คนทำงาน),CoolPure Smart 9000 BTU,8500,1,8500,2,980,บริการย้ายจุดติดตั้ง,1200,10680,30.0,42.5,25.8,98.8,3700
CP-1868,2026-07-05,TikTok Shop,ผู้เช่าหอพัก/คอนโด (นักศึกษา/คนทำงาน),CoolPure Smart 12000 BTU,10500,3,31500,0,0,ไม่มีบริการ,0,31500,28.6,41.5,130.8,91.1,5450
CP-1869,2026-07-06,Shopee,เจ้าของบ้าน/คอนโด (First Jobber),CoolPure Smart 9000 BTU,8500,1,8500,2,980,ไม่มีบริการ,0,9480,29.5,13.1,41.3,92.5,3240
CP-1870,2026-07-06,Shopee,ผู้เช่าหอพัก/คอนโด (นักศึกษา/คนทำงาน),CoolPure Smart 12000 BTU,10500,6,63000,3,1470,ไม่มีบริการ,0,64470,29.9,32.6,156.0,94.4,5405
CP-1871,2026-07-06,Shopee,ผู้เช่าหอพัก/คอนโด (นักศึกษา/คนทำงาน),CoolPure Smart 9000 BTU,8500,4,34000,1,490,บริการล้างแอร์รายปี,500,34990,28.8,32.3,176.3,98.6,1641
CP-1872,2026-07-06,TikTok Shop,ผู้เช่าหอพัก/คอนโด (นักศึกษา/คนทำงาน),CoolPure Smart 9000 BTU,8500,4,34000,1,490,บริการย้ายจุดติดตั้ง,1200,35690,30.7,35.0,149.6,95.2,4504
CP-1873,2026-07-06,Lazada,เจ้าของบ้าน/คอนโด (First Jobber),CoolPure Smart 12000 BTU,10500,3,31500,3,1470,ไม่มีบริการ,0,32970,26.6,47.9,133.5,96.3,4319
CP-1874,2026-07-08,Shopee,ผู้เช่าหอพัก/คอนโด (นักศึกษา/คนทำงาน),CoolPure Smart 9000 BTU,8500,4,34000,0,0,ไม่มีบริการ,0,34000,29.5,60.1,128.8,95.3,1873
CP-1875,2026-07-08,Shopee,ผู้เช่าหอพัก/คอนโด (นักศึกษา/คนทำงาน),CoolPure Smart 9000 BTU,8500,4,34000,2,980,บริการล้างแอร์รายปี,500,35480,29.5,25.9,173.7,98.8,2049
CP-1876,2026-07-11,Shopee,ผู้เช่าหอพัก/คอนโด (นักศึกษา/คนทำงาน),CoolPure Smart 9000 BTU,8500,3,25500,1,490,บริการล้างแอร์รายปี,500,26490,32.2,36.4,95.0,98.4,3327
CP-1877,2026-07-11,Lazada,ผู้เช่าหอพัก/คอนโด (นักศึกษา/คนทำงาน),CoolPure Smart 9000 BTU,8500,4,34000,2,980,บริการล้างแอร์รายปี,500,35480,29.5,18.2,127.6,97.4,4329
CP-1878,2026-07-11,TikTok Shop,เจ้าของบ้าน/คอนโด (First Jobber),CoolPure Smart 9000 BTU,8500,5,42500,3,1470,ไม่มีบริการ,0,43970,31.4,35.6,201.6,98.8,5148
CP-1879,2026-07-12,TikTok Shop,ผู้เช่าหอพัก/คอนโด (นักศึกษา/คนทำงาน),CoolPure Smart 9000 BTU,8500,2,17000,6,2940,ไม่มีบริการ,0,19940,30.5,38.9,65.5,98.0,2186
CP-1880,2026-07-12,Shopee,ผู้เช่าหอพัก/คอนโด (นักศึกษา/คนทำงาน),CoolPure Smart 9000 BTU,8500,3,25500,3,1470,ไม่มีบริการ,0,26970,30.3,24.9,95.0,98.2,2922
CP-1881,2026-07-13,TikTok Shop,เจ้าของบ้าน/คอนโด (First Jobber),CoolPure Smart 12000 BTU,10500,5,52500,3,1470,บริการล้างแอร์รายปี,500,54470,31.3,36.7,183.2,96.0,5181
CP-1882,2026-07-14,Shopee,ผู้เช่าหอพัก/คอนโด (นักศึกษา/คนทำงาน),CoolPure Smart 9000 BTU,8500,3,25500,0,0,ไม่มีบริการ,0,25500,31.3,18.2,118.2,92.1,2131
CP-1883,2026-07-15,Shopee,ผู้เช่าหอพัก/คอนโด (นักศึกษา/คนทำงาน),CoolPure Smart 12000 BTU,10500,1,10500,0,0,บริการล้างแอร์รายปี,500,11000,29.9,34.8,37.3,98.1,2882
CP-1884,2026-07-16,TikTok Shop,เจ้าของบ้าน/คอนโด (First Jobber),CoolPure Smart 12000 BTU,10500,2,21000,1,490,ไม่มีบริการ,0,21490,27.1,15.4,84.2,94.4,5059
CP-1885,2026-07-16,Shopee,ผู้เช่าหอพัก/คอนโด (นักศึกษา/คนทำงาน),CoolPure Smart 12000 BTU,10500,1,10500,1,490,ไม่มีบริการ,0,10990,33.4,13.6,41.5,96.9,4442
CP-1886,2026-07-16,Lazada,ผู้เช่าหอพัก/คอนโด (นักศึกษา/คนทำงาน),CoolPure Smart 9000 BTU,8500,2,17000,3,1470,บริการย้ายจุดติดตั้ง,1200,19670,29.4,28.3,95.9,93.5,2360
CP-1887,2026-07-17,TikTok Shop,ผู้เช่าหอพัก/คอนโด (นักศึกษา/คนทำงาน),CoolPure Smart 9000 BTU,8500,4,34000,0,0,ไม่มีบริการ,0,34000,31.3,29.4,100.6,91.4,2241
CP-1888,2026-07-19,Shopee,ผู้เช่าหอพัก/คอนโด (นักศึกษา/คนทำงาน),CoolPure Smart 12000 BTU,10500,4,42000,1,490,ไม่มีบริการ,0,42490,29.5,27.4,106.5,92.8,3145
CP-1889,2026-07-19,Direct Partnership (Condo),ผู้เช่าหอพัก/คอนโด (นักศึกษา/คนทำงาน),CoolPure Smart 9000 BTU,8500,1,8500,3,1470,ไม่มีบริการ,0,9970,33.0,31.6,33.4,94.6,1508
CP-1890,2026-07-19,Direct Partnership (Condo),ผู้เช่าหอพัก/คอนโด (นักศึกษา/คนทำงาน),CoolPure Smart 12000 BTU,10500,2,21000,1,490,บริการล้างแอร์รายปี,500,21990,29.6,33.1,57.1,92.6,4297
CP-1891,2026-07-19,Shopee,เจ้าของบ้าน/คอนโด (First Jobber),CoolPure Smart 9000 BTU,8500,2,17000,1,490,ไม่มีบริการ,0,17490,31.1,43.7,86.8,92.8,2274
CP-1892,2026-07-19,Shopee,เจ้าของบ้าน/คอนโด (First Jobber),CoolPure Smart 9000 BTU,8500,3,25500,0,0,บริการล้างแอร์รายปี,500,26000,33.8,38.9,79.9,92.8,5476
CP-1893,2026-07-19,Lazada,ผู้เช่าหอพัก/คอนโด (นักศึกษา/คนทำงาน),CoolPure Smart 9000 BTU,8500,2,17000,2,980,ไม่มีบริการ,0,17980,31.3,35.4,70.8,95.9,2924
CP-1894,2026-07-20,Lazada,ผู้เช่าหอพัก/คอนโด (นักศึกษา/คนทำงาน),CoolPure Smart 9000 BTU,8500,3,25500,2,980,บริการล้างแอร์รายปี,500,26980,34.8,24.0,89.4,99.2,2414
CP-1895,2026-07-24,Lazada,ผู้เช่าหอพัก/คอนโด (นักศึกษา/คนทำงาน),CoolPure Smart 9000 BTU,8500,3,25500,5,2450,บริการย้ายจุดติดตั้ง,1200,29150,32.1,20.2,112.4,91.3,2328
CP-1896,2026-07-24,Direct Partnership (Condo),ผู้เช่าหอพัก/คอนโด (นักศึกษา/คนทำงาน),CoolPure Smart 12000 BTU,10500,5,52500,4,1960,ไม่มีบริการ,0,54460,29.6,35.9,240.0,91.6,3309
CP-1897,2026-07-24,TikTok Shop,ผู้เช่าหอพัก/คอนโด (นักศึกษา/คนทำงาน),CoolPure Smart 12000 BTU,10500,1,10500,3,1470,บริการล้างแอร์รายปี,500,12470,30.8,27.0,38.5,91.6,2971
CP-1898,2026-07-24,Direct Partnership (Condo),เจ้าของบ้าน/คอนโด (First Jobber),CoolPure Smart 12000 BTU,10500,3,31500,0,0,ไม่มีบริการ,0,31500,26.6,24.8,118.3,97.3,5222
CP-1899,2026-07-25,TikTok Shop,ผู้เช่าหอพัก/คอนโด (นักศึกษา/คนทำงาน),CoolPure Smart 12000 BTU,10500,5,52500,0,0,ไม่มีบริการ,0,52500,30.2,10.7,136.7,93.3,1925
CP-1900,2026-07-25,Shopee,ผู้เช่าหอพัก/คอนโด (นักศึกษา/คนทำงาน),CoolPure Smart 9000 BTU,8500,6,51000,2,980,ไม่มีบริการ,0,51980,30.1,24.4,250.7,99.4,2380
CP-1901,2026-07-26,Shopee,เจ้าของบ้าน/คอนโด (First Jobber),CoolPure Smart 12000 BTU,10500,4,42000,2,980,ไม่มีบริการ,0,42980,31.7,31.7,190.0,97.9,5330
CP-1902,2026-07-27,TikTok Shop,ผู้เช่าหอพัก/คอนโด (นักศึกษา/คนทำงาน),CoolPure Smart 9000 BTU,8500,1,8500,2,980,ไม่มีบริการ,0,9480,31.8,42.0,33.4,92.4,2970
CP-1903,2026-07-27,TikTok Shop,เจ้าของบ้าน/คอนโด (First Jobber),CoolPure Smart 9000 BTU,8500,3,25500,1,490,บริการล้างแอร์รายปี,500,26490,27.3,13.9,114.5,97.7,1804
CP-1904,2026-07-28,Lazada,ผู้เช่าหอพัก/คอนโด (นักศึกษา/คนทำงาน),CoolPure Smart 9000 BTU,8500,3,25500,3,1470,บริการล้างแอร์รายปี,500,27470,30.2,34.9,138.8,98.7,3192
CP-1905,2026-07-28,Shopee,ผู้เช่าหอพัก/คอนโด (นักศึกษา/คนทำงาน),CoolPure Smart 12000 BTU,10500,1,10500,1,490,ไม่มีบริการ,0,10990,31.0,39.4,34.6,92.9,3125
CP-1906,2026-07-28,Shopee,เจ้าของบ้าน/คอนโด (First Jobber),CoolPure Smart 12000 BTU,10500,3,31500,1,490,ไม่มีบริการ,0,31990,28.7,11.5,86.2,94.7,1951
CP-1907,2026-07-28,Lazada,เจ้าของบ้าน/คอนโด (First Jobber),CoolPure Smart 9000 BTU,8500,5,42500,1,490,ไม่มีบริการ,0,42990,27.8,29.6,173.7,93.0,1554
CP-1908,2026-07-28,Shopee,เจ้าของบ้าน/คอนโด (First Jobber),CoolPure Smart 9000 BTU,8500,4,34000,1,490,บริการย้ายจุดติดตั้ง,1200,35690,29.6,35.7,111.9,97.7,4877
CP-1909,2026-07-29,Shopee,เจ้าของบ้าน/คอนโด (First Jobber),CoolPure Smart 12000 BTU,10500,2,21000,2,980,บริการล้างแอร์รายปี,500,22480,30.0,39.2,74.8,94.4,3922
CP-1910,2026-07-29,Shopee,ผู้เช่าหอพัก/คอนโด (นักศึกษา/คนทำงาน),CoolPure Smart 9000 BTU,8500,4,34000,4,1960,ไม่มีบริการ,0,35960,29.1,31.8,131.0,97.9,2181
CP-1911,2026-07-29,Shopee,ผู้เช่าหอพัก/คอนโด (นักศึกษา/คนทำงาน),CoolPure Smart 9000 BTU,8500,2,17000,1,490,บริการย้ายจุดติดตั้ง,1200,18690,30.1,32.6,94.3,94.0,1817
CP-1912,2026-07-29,TikTok Shop,เจ้าของบ้าน/คอนโด (First Jobber),CoolPure Smart 9000 BTU,8500,3,25500,4,1960,ไม่มีบริการ,0,27460,31.3,34.7,83.4,91.7,3952
CP-1913,2026-07-30,Lazada,ผู้เช่าหอพัก/คอนโด (นักศึกษา/คนทำงาน),CoolPure Smart 9000 BTU,8500,1,8500,3,1470,ไม่มีบริการ,0,9970,26.4,32.3,45.4,92.4,3231
CP-1914,2026-07-30,Lazada,ผู้เช่าหอพัก/คอนโด (นักศึกษา/คนทำงาน),CoolPure Smart 12000 BTU,10500,5,52500,0,0,ไม่มีบริการ,0,52500,29.8,23.5,219.6,96.0,1582
CP-1915,2026-07-31,Shopee,ผู้เช่าหอพัก/คอนโด (นักศึกษา/คนทำงาน),CoolPure Smart 9000 BTU,8500,1,8500,1,490,ไม่มีบริการ,0,8990,31.1,39.8,26.8,99.1,3634
CP-1916,2026-08-04,Shopee,ผู้เช่าหอพัก/คอนโด (นักศึกษา/คนทำงาน),CoolPure Smart 9000 BTU,8500,4,34000,3,1470,ไม่มีบริการ,0,35470,28.2,28.4,132.2,94.8,1855
CP-1917,2026-08-06,Lazada,เจ้าของบ้าน/คอนโด (First Jobber),CoolPure Smart 9000 BTU,8500,1,8500,0,0,บริการย้ายจุดติดตั้ง,1200,9700,29.9,38.5,38.0,93.5,3373
CP-1918,2026-08-08,TikTok Shop,เจ้าของบ้าน/คอนโด (First Jobber),CoolPure Smart 9000 BTU,8500,1,8500,0,0,ไม่มีบริการ,0,8500,31.5,21.7,47.1,99.0,3864
CP-1919,2026-08-09,TikTok Shop,เจ้าของบ้าน/คอนโด (First Jobber),CoolPure Smart 12000 BTU,10500,2,21000,3,1470,บริการล้างแอร์รายปี,500,22970,29.2,36.0,82.5,92.8,1925
CP-1920,2026-08-09,Shopee,เจ้าของบ้าน/คอนโด (First Jobber),CoolPure Smart 12000 BTU,10500,2,21000,3,1470,ไม่มีบริการ,0,22470,29.1,30.6,80.0,91.7,1706
CP-1921,2026-08-09,Lazada,เจ้าของบ้าน/คอนโด (First Jobber),CoolPure Smart 12000 BTU,10500,4,42000,1,490,ไม่มีบริการ,0,42490,31.0,25.8,174.2,99.1,3080
CP-1922,2026-08-11,Shopee,เจ้าของบ้าน/คอนโด (First Jobber),CoolPure Smart 12000 BTU,10500,2,21000,3,1470,บริการล้างแอร์รายปี,500,22970,29.0,24.0,60.1,97.9,4842
CP-1923,2026-08-12,Lazada,ผู้เช่าหอพัก/คอนโด (นักศึกษา/คนทำงาน),CoolPure Smart 9000 BTU,8500,2,17000,0,0,ไม่มีบริการ,0,17000,30.2,36.4,81.6,93.1,3630
CP-1924,2026-08-12,Lazada,เจ้าของบ้าน/คอนโด (First Jobber),CoolPure Smart 9000 BTU,8500,1,8500,3,1470,ไม่มีบริการ,0,9970,32.8,46.0,26.0,92.4,5449
CP-1925,2026-08-12,Lazada,เจ้าของบ้าน/คอนโด (First Jobber),CoolPure Smart 9000 BTU,8500,1,8500,1,490,บริการล้างแอร์รายปี,500,9490,31.9,22.7,34.4,93.5,2896
CP-1926,2026-08-13,Shopee,ผู้เช่าหอพัก/คอนโด (นักศึกษา/คนทำงาน),CoolPure Smart 12000 BTU,10500,2,21000,3,1470,ไม่มีบริการ,0,22470,32.9,19.3,80.0,99.2,1515
CP-1927,2026-08-13,Shopee,ผู้เช่าหอพัก/คอนโด (นักศึกษา/คนทำงาน),CoolPure Smart 12000 BTU,10500,4,42000,1,490,ไม่มีบริการ,0,42490,29.6,11.7,106.6,95.6,3365
CP-1928,2026-08-13,Shopee,เจ้าของบ้าน/คอนโด (First Jobber),CoolPure Smart 9000 BTU,8500,1,8500,2,980,บริการล้างแอร์รายปี,500,9980,32.2,48.2,39.3,96.3,2690
CP-1929,2026-08-15,Shopee,เจ้าของบ้าน/คอนโด (First Jobber),CoolPure Smart 9000 BTU,8500,2,17000,3,1470,บริการล้างแอร์รายปี,500,18970,28.7,31.3,71.0,96.4,2536
CP-1930,2026-08-15,Shopee,เจ้าของบ้าน/คอนโด (First Jobber),CoolPure Smart 9000 BTU,8500,5,42500,0,0,ไม่มีบริการ,0,42500,29.7,29.0,188.7,96.1,4447
CP-1931,2026-08-16,Lazada,ผู้เช่าหอพัก/คอนโด (นักศึกษา/คนทำงาน),CoolPure Smart 9000 BTU,8500,3,25500,0,0,ไม่มีบริการ,0,25500,27.0,27.5,136.2,91.2,3140
CP-1932,2026-08-16,Lazada,ผู้เช่าหอพัก/คอนโด (นักศึกษา/คนทำงาน),CoolPure Smart 9000 BTU,8500,3,25500,2,980,บริการล้างแอร์รายปี,500,26980,27.8,34.6,88.1,95.5,3982
CP-1933,2026-08-21,Shopee,ผู้เช่าหอพัก/คอนโด (นักศึกษา/คนทำงาน),CoolPure Smart 12000 BTU,10500,1,10500,1,490,บริการล้างแอร์รายปี,500,11490,32.7,16.1,37.5,95.1,3023
CP-1934,2026-08-21,Lazada,ผู้เช่าหอพัก/คอนโด (นักศึกษา/คนทำงาน),CoolPure Smart 12000 BTU,10500,1,10500,1,490,บริการล้างแอร์รายปี,500,11490,30.4,41.2,46.9,95.6,2681
CP-1935,2026-08-22,TikTok Shop,เจ้าของบ้าน/คอนโด (First Jobber),CoolPure Smart 9000 BTU,8500,1,8500,2,980,บริการล้างแอร์รายปี,500,9980,28.6,21.1,32.8,91.6,4528
CP-1936,2026-08-22,Shopee,เจ้าของบ้าน/คอนโด (First Jobber),CoolPure Smart 9000 BTU,8500,1,8500,1,490,ไม่มีบริการ,0,8990,30.5,33.3,30.4,93.1,4592
CP-1937,2026-08-23,TikTok Shop,เจ้าของบ้าน/คอนโด (First Jobber),CoolPure Smart 12000 BTU,10500,3,31500,3,1470,ไม่มีบริการ,0,32970,30.9,39.4,95.4,93.6,4419
CP-1938,2026-08-23,Shopee,ผู้เช่าหอพัก/คอนโด (นักศึกษา/คนทำงาน),CoolPure Smart 9000 BTU,8500,3,25500,1,490,ไม่มีบริการ,0,25990,31.6,31.4,80.9,95.2,2343
CP-1939,2026-08-24,Lazada,เจ้าของบ้าน/คอนโด (First Jobber),CoolPure Smart 12000 BTU,10500,3,31500,3,1470,ไม่มีบริการ,0,32970,29.7,19.6,126.7,92.1,2632
CP-1940,2026-08-24,Shopee,ผู้เช่าหอพัก/คอนโด (นักศึกษา/คนทำงาน),CoolPure Smart 9000 BTU,8500,1,8500,0,0,บริการล้างแอร์รายปี,500,9000,32.4,26.6,46.4,96.3,4556
CP-1941,2026-08-24,Lazada,ผู้เช่าหอพัก/คอนโด (นักศึกษา/คนทำงาน),CoolPure Smart 9000 BTU,8500,2,17000,7,3430,ไม่มีบริการ,0,20430,31.7,26.2,73.2,93.5,1969
CP-1942,2026-08-25,Shopee,ผู้เช่าหอพัก/คอนโด (นักศึกษา/คนทำงาน),CoolPure Smart 12000 BTU,10500,1,10500,1,490,ไม่มีบริการ,0,10990,31.8,37.7,47.2,99.6,4077
CP-1943,2026-08-25,Lazada,ผู้เช่าหอพัก/คอนโด (นักศึกษา/คนทำงาน),CoolPure Smart 12000 BTU,10500,3,31500,3,1470,ไม่มีบริการ,0,32970,27.6,24.9,110.9,98.4,5488
CP-1944,2026-08-25,Shopee,ผู้เช่าหอพัก/คอนโด (นักศึกษา/คนทำงาน),CoolPure Smart 12000 BTU,10500,2,21000,1,490,ไม่มีบริการ,0,21490,29.9,24.8,56.3,91.0,5494
CP-1945,2026-08-28,Lazada,ผู้เช่าหอพัก/คอนโด (นักศึกษา/คนทำงาน),CoolPure Smart 12000 BTU,10500,5,52500,3,1470,บริการล้างแอร์รายปี,500,54470,27.4,25.8,218.7,95.0,2640
CP-1946,2026-08-28,Shopee,เจ้าของบ้าน/คอนโด (First Jobber),CoolPure Smart 9000 BTU,8500,1,8500,0,0,ไม่มีบริการ,0,8500,29.0,46.3,32.5,98.2,2898
CP-1947,2026-08-28,Lazada,ผู้เช่าหอพัก/คอนโด (นักศึกษา/คนทำงาน),CoolPure Smart 9000 BTU,8500,3,25500,3,1470,ไม่มีบริการ,0,26970,27.4,27.9,110.7,93.6,5468
CP-1948,2026-09-01,Shopee,เจ้าของบ้าน/คอนโด (First Jobber),CoolPure Smart 9000 BTU,8500,4,34000,1,490,บริการล้างแอร์รายปี,500,34990,28.4,34.7,178.6,94.2,3867
CP-1949,2026-09-02,Lazada,ผู้เช่าหอพัก/คอนโด (นักศึกษา/คนทำงาน),CoolPure Smart 12000 BTU,10500,1,10500,1,490,บริการล้างแอร์รายปี,500,11490,32.6,34.2,45.0,96.8,3994
CP-1950,2026-09-02,Shopee,ผู้เช่าหอพัก/คอนโด (นักศึกษา/คนทำงาน),CoolPure Smart 9000 BTU,8500,2,17000,0,0,ไม่มีบริการ,0,17000,30.1,30.5,88.4,95.1,4812
CP-1951,2026-09-02,Lazada,เจ้าของบ้าน/คอนโด (First Jobber),CoolPure Smart 9000 BTU,8500,1,8500,0,0,บริการล้างแอร์รายปี,500,9000,27.7,35.0,27.1,91.4,4467
CP-1952,2026-09-03,Lazada,ผู้เช่าหอพัก/คอนโด (นักศึกษา/คนทำงาน),CoolPure Smart 9000 BTU,8500,1,8500,0,0,บริการล้างแอร์รายปี,500,9000,30.7,19.9,42.5,97.0,1742
CP-1953,2026-09-03,Shopee,ผู้เช่าหอพัก/คอนโด (นักศึกษา/คนทำงาน),CoolPure Smart 12000 BTU,10500,3,31500,0,0,บริการล้างแอร์รายปี,500,32000,30.0,38.2,117.4,92.0,3675
CP-1954,2026-09-03,TikTok Shop,เจ้าของบ้าน/คอนโด (First Jobber),CoolPure Smart 9000 BTU,8500,5,42500,0,0,ไม่มีบริการ,0,42500,31.8,46.1,154.5,92.8,3954
CP-1955,2026-09-04,TikTok Shop,เจ้าของบ้าน/คอนโด (First Jobber),CoolPure Smart 12000 BTU,10500,4,42000,4,1960,ไม่มีบริการ,0,43960,29.1,45.2,154.4,95.3,4057
CP-1956,2026-09-04,Lazada,ผู้เช่าหอพัก/คอนโด (นักศึกษา/คนทำงาน),CoolPure Smart 9000 BTU,8500,2,17000,3,1470,ไม่มีบริการ,0,18470,29.3,28.0,78.2,96.9,5055
CP-1957,2026-09-05,Lazada,เจ้าของบ้าน/คอนโด (First Jobber),CoolPure Smart 9000 BTU,8500,3,25500,4,1960,ไม่มีบริการ,0,27460,31.3,31.3,109.9,93.0,3919
CP-1958,2026-09-06,Shopee,เจ้าของบ้าน/คอนโด (First Jobber),CoolPure Smart 9000 BTU,8500,2,17000,4,1960,บริการล้างแอร์รายปี,500,19460,33.2,15.5,87.8,97.3,3912
CP-1959,2026-09-07,Lazada,เจ้าของบ้าน/คอนโด (First Jobber),CoolPure Smart 9000 BTU,8500,5,42500,0,0,ไม่มีบริการ,0,42500,30.4,41.6,133.9,97.9,5033
CP-1960,2026-09-07,Shopee,ผู้เช่าหอพัก/คอนโด (นักศึกษา/คนทำงาน),CoolPure Smart 9000 BTU,8500,7,59500,3,1470,ไม่มีบริการ,0,60970,32.1,25.6,306.1,99.7,4649
CP-1961,2026-09-09,Shopee,เจ้าของบ้าน/คอนโด (First Jobber),CoolPure Smart 9000 BTU,8500,1,8500,1,490,ไม่มีบริการ,0,8990,29.9,39.8,42.4,92.1,4745
CP-1962,2026-09-10,Lazada,เจ้าของบ้าน/คอนโด (First Jobber),CoolPure Smart 9000 BTU,8500,4,34000,5,2450,ไม่มีบริการ,0,36450,31.5,25.5,101.9,94.1,4138
CP-1963,2026-09-10,Shopee,ผู้เช่าหอพัก/คอนโด (นักศึกษา/คนทำงาน),CoolPure Smart 12000 BTU,10500,3,31500,0,0,บริการย้ายจุดติดตั้ง,1200,32700,29.9,42.0,103.9,98.2,3289
CP-1964,2026-09-11,TikTok Shop,ผู้เช่าหอพัก/คอนโด (นักศึกษา/คนทำงาน),CoolPure Smart 12000 BTU,10500,3,31500,2,980,บริการย้ายจุดติดตั้ง,1200,33680,30.4,18.8,125.6,92.3,5121
CP-1965,2026-09-12,Shopee,ผู้เช่าหอพัก/คอนโด (นักศึกษา/คนทำงาน),CoolPure Smart 9000 BTU,8500,1,8500,5,2450,บริการล้างแอร์รายปี,500,11450,28.2,48.3,35.9,93.6,1512
CP-1966,2026-09-12,Shopee,เจ้าของบ้าน/คอนโด (First Jobber),CoolPure Smart 12000 BTU,10500,2,21000,2,980,ไม่มีบริการ,0,21980,29.6,23.4,90.8,93.9,4007
CP-1967,2026-09-13,Direct Partnership (Condo),เจ้าของบ้าน/คอนโด (First Jobber),CoolPure Smart 9000 BTU,8500,9,76500,1,490,บริการย้ายจุดติดตั้ง,1200,78190,32.9,39.5,291.7,94.0,5451
CP-1968,2026-09-13,Shopee,เจ้าของบ้าน/คอนโด (First Jobber),CoolPure Smart 9000 BTU,8500,2,17000,2,980,บริการย้ายจุดติดตั้ง,1200,19180,29.5,28.2,83.9,97.7,3256
CP-1969,2026-09-13,Shopee,ผู้เช่าหอพัก/คอนโด (นักศึกษา/คนทำงาน),CoolPure Smart 9000 BTU,8500,2,17000,1,490,ไม่มีบริการ,0,17490,29.5,44.0,61.4,91.3,2016
CP-1970,2026-09-15,Lazada,ผู้เช่าหอพัก/คอนโด (นักศึกษา/คนทำงาน),CoolPure Smart 9000 BTU,8500,4,34000,1,490,บริการล้างแอร์รายปี,500,34990,30.5,36.9,189.5,92.0,4470
CP-1971,2026-09-16,Direct Partnership (Condo),ผู้เช่าหอพัก/คอนโด (นักศึกษา/คนทำงาน),CoolPure Smart 9000 BTU,8500,5,42500,3,1470,ไม่มีบริการ,0,43970,29.5,25.1,133.6,91.7,5137
CP-1972,2026-09-16,Shopee,เจ้าของบ้าน/คอนโด (First Jobber),CoolPure Smart 12000 BTU,10500,3,31500,3,1470,บริการล้างแอร์รายปี,500,33470,34.4,46.4,92.9,94.5,5462
CP-1973,2026-09-16,Direct Partnership (Condo),ผู้เช่าหอพัก/คอนโด (นักศึกษา/คนทำงาน),CoolPure Smart 9000 BTU,8500,2,17000,2,980,ไม่มีบริการ,0,17980,28.9,21.4,82.5,93.3,5487
CP-1974,2026-09-17,Lazada,ผู้เช่าหอพัก/คอนโด (นักศึกษา/คนทำงาน),CoolPure Smart 12000 BTU,10500,3,31500,1,490,บริการย้ายจุดติดตั้ง,1200,33190,32.4,57.5,85.3,93.7,4753
CP-1975,2026-09-18,Shopee,เจ้าของบ้าน/คอนโด (First Jobber),CoolPure Smart 9000 BTU,8500,2,17000,1,490,บริการล้างแอร์รายปี,500,17990,29.3,17.0,92.9,97.7,3558
CP-1976,2026-09-19,Lazada,เจ้าของบ้าน/คอนโด (First Jobber),CoolPure Smart 9000 BTU,8500,2,17000,1,490,บริการล้างแอร์รายปี,500,17990,31.2,48.8,70.3,91.1,2671
CP-1977,2026-09-19,Lazada,ผู้เช่าหอพัก/คอนโด (นักศึกษา/คนทำงาน),CoolPure Smart 12000 BTU,10500,4,42000,4,1960,ไม่มีบริการ,0,43960,29.9,37.5,110.0,92.9,5280
CP-1978,2026-09-19,Lazada,เจ้าของบ้าน/คอนโด (First Jobber),CoolPure Smart 9000 BTU,8500,3,25500,2,980,ไม่มีบริการ,0,26480,30.9,28.0,91.7,94.8,2739
CP-1979,2026-09-19,TikTok Shop,เจ้าของบ้าน/คอนโด (First Jobber),CoolPure Smart 9000 BTU,8500,1,8500,0,0,ไม่มีบริการ,0,8500,31.4,29.0,47.8,96.4,1608
CP-1980,2026-09-20,Shopee,ผู้เช่าหอพัก/คอนโด (นักศึกษา/คนทำงาน),CoolPure Smart 12000 BTU,10500,1,10500,0,0,ไม่มีบริการ,0,10500,33.6,25.6,28.3,97.2,1577
CP-1981,2026-09-20,Shopee,ผู้เช่าหอพัก/คอนโด (นักศึกษา/คนทำงาน),CoolPure Smart 9000 BTU,8500,5,42500,2,980,ไม่มีบริการ,0,43480,29.7,39.6,157.1,94.1,2860
CP-1982,2026-09-21,TikTok Shop,ผู้เช่าหอพัก/คอนโด (นักศึกษา/คนทำงาน),CoolPure Smart 12000 BTU,10500,1,10500,3,1470,ไม่มีบริการ,0,11970,28.9,44.8,43.5,92.7,3071
CP-1983,2026-09-22,Shopee,เจ้าของบ้าน/คอนโด (First Jobber),CoolPure Smart 9000 BTU,8500,2,17000,1,490,ไม่มีบริการ,0,17490,31.0,24.7,54.6,96.8,2712
CP-1984,2026-09-23,TikTok Shop,เจ้าของบ้าน/คอนโด (First Jobber),CoolPure Smart 9000 BTU,8500,5,42500,3,1470,ไม่มีบริการ,0,43970,32.6,45.2,180.0,97.9,1974
CP-1985,2026-09-23,Shopee,ผู้เช่าหอพัก/คอนโด (นักศึกษา/คนทำงาน),CoolPure Smart 12000 BTU,10500,3,31500,4,1960,ไม่มีบริการ,0,33460,28.2,31.6,87.2,96.4,5495
CP-1986,2026-09-24,Lazada,ผู้เช่าหอพัก/คอนโด (นักศึกษา/คนทำงาน),CoolPure Smart 12000 BTU,10500,2,21000,3,1470,ไม่มีบริการ,0,22470,29.7,34.3,81.8,97.8,3955
CP-1987,2026-09-24,Direct Partnership (Condo),ผู้เช่าหอพัก/คอนโด (นักศึกษา/คนทำงาน),CoolPure Smart 12000 BTU,10500,3,31500,6,2940,ไม่มีบริการ,0,34440,29.2,35.7,75.7,98.6,1780
CP-1988,2026-09-25,Direct Partnership (Condo),เจ้าของบ้าน/คอนโด (First Jobber),CoolPure Smart 9000 BTU,8500,1,8500,0,0,ไม่มีบริการ,0,8500,31.9,37.3,43.6,99.4,1785
CP-1989,2026-09-25,Lazada,เจ้าของบ้าน/คอนโด (First Jobber),CoolPure Smart 9000 BTU,8500,1,8500,1,490,บริการล้างแอร์รายปี,500,9490,29.4,35.8,46.5,98.5,2046
CP-1990,2026-09-26,Direct Partnership (Condo),ผู้เช่าหอพัก/คอนโด (นักศึกษา/คนทำงาน),CoolPure Smart 9000 BTU,8500,3,25500,0,0,บริการย้ายจุดติดตั้ง,1200,26700,28.8,26.2,79.5,93.7,1819
CP-1991,2026-09-26,Lazada,ผู้เช่าหอพัก/คอนโด (นักศึกษา/คนทำงาน),CoolPure Smart 12000 BTU,10500,3,31500,3,1470,ไม่มีบริการ,0,32970,29.0,19.5,106.0,98.0,2662
CP-1992,2026-09-26,Shopee,ผู้เช่าหอพัก/คอนโด (นักศึกษา/คนทำงาน),CoolPure Smart 12000 BTU,10500,1,10500,2,980,ไม่มีบริการ,0,11480,27.3,27.0,38.7,99.5,2433
CP-1993,2026-09-27,Lazada,เจ้าของบ้าน/คอนโด (First Jobber),CoolPure Smart 9000 BTU,8500,3,25500,0,0,ไม่มีบริการ,0,25500,29.7,41.8,129.2,93.8,3391
CP-1994,2026-09-28,TikTok Shop,เจ้าของบ้าน/คอนโด (First Jobber),CoolPure Smart 12000 BTU,10500,3,31500,1,490,ไม่มีบริการ,0,31990,28.1,30.5,120.3,98.2,5377
CP-1995,2026-09-28,Shopee,เจ้าของบ้าน/คอนโด (First Jobber),CoolPure Smart 9000 BTU,8500,4,34000,2,980,ไม่มีบริการ,0,34980,28.5,46.6,164.6,97.6,4472
CP-1996,2026-09-28,Direct Partnership (Condo),เจ้าของบ้าน/คอนโด (First Jobber),CoolPure Smart 12000 BTU,10500,3,31500,2,980,ไม่มีบริการ,0,32480,30.1,29.2,131.2,91.1,3979
CP-1997,2026-09-28,Lazada,เจ้าของบ้าน/คอนโด (First Jobber),CoolPure Smart 12000 BTU,10500,3,31500,0,0,บริการล้างแอร์รายปี,500,32000,30.5,28.5,87.7,94.5,3690
CP-1998,2026-09-28,Shopee,ผู้เช่าหอพัก/คอนโด (นักศึกษา/คนทำงาน),CoolPure Smart 12000 BTU,10500,3,31500,0,0,ไม่มีบริการ,0,31500,30.9,57.8,116.3,95.0,2908
CP-1999,2026-09-29,Shopee,เจ้าของบ้าน/คอนโด (First Jobber),CoolPure Smart 12000 BTU,10500,2,21000,1,490,ไม่มีบริการ,0,21490,31.0,14.6,93.6,91.1,3137
CP-2000,2026-09-30,Shopee,ผู้เช่าหอพัก/คอนโด (นักศึกษา/คนทำงาน),CoolPure Smart 12000 BTU,10500,1,10500,2,980,ไม่มีบริการ,0,11480,29.9,10.0,29.3,96.5,4158
